# Wolverine 2.0 beta rest cage; reference geometry only
# Original model coordinates and vertex order are preserved
o WolverineAnatomyRestCage
v 14.0753396 -2.7741053 83.3691933
v 12.7143792 -2.78217237 84.1493054
v 12.970652 -2.46914424 83.1224501
v 14.1503621 -2.74272863 82.0472157
v 19.6486468 2.06671926 84.1103248
v 19.6490444 1.15063371 84.8579516
v 20.5547004 1.15446912 84.5306882
v 20.5697532 2.07468636 83.7839062
v 19.6527005 2.56105675 83.0240306
v 20.5953134 2.57587673 82.6968492
v 19.6680835 2.52495813 81.8296469
v 20.6299233 2.54896614 81.4999759
v 19.691127 1.98885416 80.7886425
v 20.6662309 2.01526803 80.4503357
v 19.7116017 1.08925233 80.0961325
v 20.6937927 1.10617756 79.748635
v 19.7198963 -0.0212154281 79.7767192
v 20.7038565 -0.0172233966 79.425927
v 21.5751558 1.14668999 84.2197772
v 21.6017187 2.06070889 83.4811262
v 21.6430863 2.55902714 82.4061101
v 21.6930716 2.53169104 81.2236982
v 21.7410881 1.99980167 80.1890468
v 21.7754882 1.09644551 79.4998773
v 22.6716907 1.13278734 84.0134348
v 22.7104616 2.0364971 83.2889462
v 22.7689816 2.52735855 82.2344072
v 22.8368125 2.49415333 81.0781648
v 22.8991702 1.96264275 80.0738405
v 22.9421755 1.07291903 79.4109988
v 23.8049071 1.13534269 83.9836198
v 23.8621552 2.04015277 83.256753
v 23.9475421 2.52570628 82.202965
v 24.0443905 2.48191424 81.0534793
v 24.1305311 1.94399134 80.0604043
v 24.187747 1.05979059 79.4074842
v 24.2078597 0.00810119455 79.1038996
v 22.9576122 -0.00163675578 79.1035561
v 24.9367747 1.14551798 83.9941965
v 25.0230182 2.06454554 83.252542
v 25.1524453 2.55430079 82.1800217
v 25.3002144 2.48758447 81.0137444
v 25.4279995 1.9148165 80.0264199
v 25.5077598 1.02401296 79.4039314
v 25.9732329 0.0183468679 84.227386
v 26.0162164 1.11575028 83.9659275
v 24.9077154 0.013432311 84.2574272
v 26.1440986 2.05292068 83.2237178
v 26.3399587 2.56105462 82.1395663
v 26.5762103 2.46377309 80.9415799
v 26.7741493 1.84502462 79.9371052
v 26.8826564 0.950578666 79.3399842
v 26.9428026 1.04460947 83.9998946
v 27.1191486 2.10549206 83.2560521
v 27.395593 2.71789163 82.1113703
v 27.7849689 2.44987849 80.7819141
v 28.0928511 1.57910038 79.8432171
v 28.222009 0.695277985 79.4435006
v 27.2153745 1.00838163 84.0366883
v 27.41712 2.05124416 83.3103526
v 27.7242468 2.62635333 82.1976155
v 28.1539833 2.29836675 80.8783044
v 28.5384697 2.6679176 82.1783837
v 29.1108678 2.34864773 80.7273321
v 28.7380582 2.38779925 80.7860958
v 28.1666383 2.69423681 82.2074613
v 27.9197065 2.48244693 82.2258926
v 28.3555634 2.22403136 80.9538057
v 28.5326125 1.33198527 79.8937052
v 28.6331467 0.60331039 79.5877838
v 27.3931402 0.978310887 84.012927
v 27.5954753 1.97379507 83.2972451
v 29.6430865 -0.647579537 79.7951086
v 29.5092102 -1.46434208 79.861229
v 29.1297897 -1.75512798 80.0311372
v 28.8619052 1.39568517 80.1005619
v 28.8753169 0.610766155 79.6978543
v 28.9753901 -0.000141375573 79.589056
v 28.6975118 -0.0180171169 79.4782282
v 27.5383204 0.976435924 84.0246194
v 27.746089 1.95657735 83.2969013
v 28.0484927 2.41193468 82.3364998
v 28.4905459 2.24616746 81.0830582
v 29.0188186 1.51158224 80.1580689
v 29.6169787 0.626492185 79.7993772
v 29.3259581 0.551658313 79.8061016
v 29.0956934 0.567311784 79.7534812
v 27.5559242 1.12969939 84.2088873
v 27.809351 2.20083578 83.369249
v 29.157154 1.7024068 79.9835833
v 29.5044205 1.45994551 79.8700734
v 27.8810225 1.15260937 84.2667707
v 28.1223942 2.20840843 83.4202655
v 28.7014806 2.01288238 83.2704313
v 29.3437059 1.85648379 83.1602359
v 29.6267632 2.3089166 82.0871964
v 29.0792115 2.48906175 82.1085601
v 28.4663557 1.04899814 83.8785659
v 29.9820878 2.09979699 80.8849684
v 29.5258438 2.23642866 80.7796161
v 30.2965235 1.24479514 80.038263
v 30.3571891 0.413149998 79.8177007
v 30.0178666 0.484773666 79.722759
v 29.8733535 1.363771 79.9100741
v 29.1204095 0.976772326 83.6993952
v 30.7071148 1.08648898 80.2515224
v 30.7077586 0.360951299 80.0278398
v 29.8293607 0.888185816 83.5306142
v 29.9866625 1.64873567 83.0119583
v 30.472528 1.85855305 81.0344092
v 30.2032002 2.05367972 82.1031399
v 30.6744814 -0.00343752166 80.0156274
v 30.325578 -0.00270073849 79.8104357
v 31.0906965 0.874704536 80.6385807
v 31.0909002 0.290199721 80.4425683
v 30.5773129 0.711671113 83.1537323
v 30.6329772 1.34142853 82.6722753
v 30.7436153 1.69530715 81.9806009
v 30.9184898 1.51826656 81.2282204
v 31.3668553 0.643562703 81.2065027
v 31.3444021 0.209102365 80.9130054
v 31.156214 0.433893467 82.5255308
v 31.2153324 0.846447499 82.089197
v 31.0849099 1.32545698 81.8608966
v 31.297342 1.05287265 81.4571926
v 31.403896 0.383528017 81.847575
v 31.4014839 0.26705929 82.1379545
v 31.4440616 0.332418702 81.3969864
v 18.8649086 2.043252 84.3756804
v 18.8870407 1.1406362 85.1447234
v 18.8358709 2.54013705 83.3170448
v 18.8237118 2.48326824 82.1328654
v 18.8296111 1.93369641 81.1140776
v 18.8419694 1.05022977 80.4494097
v 18.8507297 -0.0187400437 80.1393484
v 18.1753955 2.04095869 84.5979042
v 18.2456963 1.13857127 85.3879294
v 18.1333692 2.54058713 83.4990356
v 18.0960063 2.45954046 82.315517
v 18.0835538 1.87151474 81.3265883
v 18.0873192 0.997906301 80.7038043
v 18.097249 -0.0123214643 80.4176439
v 17.5534927 2.02244681 84.8852558
v 17.62451 1.14223258 85.6408365
v 17.4117044 2.6062807 83.5942826
v 17.4759883 2.487469 82.3060212
v 17.4201049 1.8267223 81.294181
v 17.4357022 0.92385064 80.7413546
v 17.4485091 -0.00567131196 80.5239674
v 16.8230789 2.00517117 85.1353299
v 16.9028303 1.0555626 86.0276046
v 16.808647 2.49129064 81.8356188
v 16.893779 2.78158227 83.0187857
v 16.7076416 0.770641953 80.5895575
v 16.7788174 1.64028413 80.7961353
v 16.8836037 -2.7834737 82.9260078
v 16.7382677 -2.66792727 83.9021553
v 16.5158777 -2.97445661 82.993524
v 14.2974631 -0.00388611561 86.1000355
v 15.9709146 -0.00439754465 86.326622
v 15.8649183 1.11148498 86.1264204
v 14.1747567 1.01851351 86.0252106
v 15.7071802 1.9211838 85.4319547
v 14.2608565 1.81440627 85.7475777
v 15.5627102 2.51791338 84.613494
v 14.0367567 2.25583824 85.2469521
v 16.7058426 2.64789911 83.9359463
v 15.5280948 2.92235507 83.5884933
v 16.5518325 2.93109878 83.0454086
v 16.1938997 2.97269777 81.6027582
v 15.3972099 3.06772015 82.2681726
v 16.2093501 1.43444904 79.7279853
v 16.1591707 2.20344458 79.9863702
v 15.7774338 3.13738432 79.5368548
v 16.113259 2.82555631 79.7951672
v 16.1402382 3.16645664 77.245711
v 15.2720272 3.6237882 77.5001681
v 16.1889267 0.618440971 79.4751122
v 16.219986 1.31014721 77.0305448
v 16.4168469 2.19392737 77.188736
v 16.1550017 0.586981909 76.890194
v 16.1600897 0.000992978351 76.8463587
v 16.2453453 -0.0112156223 79.5816014
v 16.7857345 -2.50536245 81.7297049
v 17.4442543 -2.47352828 82.2396472
v 17.4511056 -2.6322847 83.5146009
v 14.2731467 3.17897336 78.7559994
v 15.0093607 3.10125137 80.7753937
v 16.6682797 1.35990987 75.1386419
v 16.802325 2.45779831 75.2818513
v 16.5944655 0.555932098 74.9638601
v 16.575998 -0.00265547615 74.8803952
v 16.3193563 3.59811743 75.4866223
v 14.9359768 4.25556154 75.9925641
v 13.3894779 3.79037286 76.4837202
v 12.3132362 2.80080895 76.6343668
v 13.1382651 2.50010747 78.5177815
v 11.6619362 1.75270596 76.6518631
v 12.5277435 1.61997511 78.4433626
v 11.3726929 0.812200429 76.6217543
v 12.1250257 0.786368971 78.2695938
v 11.3281389 -0.0271409018 76.6019557
v 12.094226 0.0475305309 78.348862
v 17.1130305 1.49956647 73.8376209
v 17.1725136 2.81085213 73.867604
v 16.980115 0.644383379 73.6172134
v 16.943153 -0.00576176528 73.5785652
v 16.4938541 4.16536986 73.8960542
v 14.6559956 4.84285891 74.2178182
v 12.8175386 4.2438319 74.5145393
v 11.2645354 2.98563373 74.7524399
v 10.6558525 1.75223924 74.950972
v 10.4984609 0.792737994 75.0045116
v 17.2723302 1.58247456 72.5005926
v 17.247533 2.93563267 72.3911116
v 17.1569197 0.715310176 72.5434311
v 16.3432858 4.26256354 72.3941204
v 14.3446691 4.89222334 72.6688108
v 12.4221886 4.31112283 72.9116832
v 10.8484834 3.08872725 73.1078102
v 10.2127357 1.71117699 73.3267787
v 10.1651826 0.762530373 73.4256302
v 17.0550304 1.48769409 71.4080473
v 16.8999452 2.71397024 71.1931159
v 16.9968542 0.674542449 71.5476346
v 15.9883349 3.89078933 71.0623898
v 14.1396242 4.50249097 71.2894845
v 12.2895789 4.02872335 71.5307312
v 10.9448146 2.96812531 71.8205653
v 10.4946871 1.68247709 72.009652
v 10.4555331 0.770081 72.0714809
v 10.4621846 -0.00202758418 72.1066032
v 10.1746051 -0.00463014306 73.4423821
v 16.5687716 1.25552053 70.5864557
v 16.3326965 2.26587958 70.2854238
v 16.5767336 0.577316218 70.7735737
v 15.5464703 3.27997777 70.0753821
v 14.0749619 3.80564913 70.1162414
v 12.6585727 3.40306447 70.2159726
v 11.5942934 2.52393369 70.5224098
v 11.2372692 1.48046286 70.6996013
v 11.2187992 0.692553622 70.761192
v 15.6499048 1.09350768 69.8858737
v 15.5790012 1.85547833 69.698153
v 15.7046165 0.498023668 70.0879613
v 15.703595 -0.00319605215 70.1726779
v 16.5561277 0.00559793661 70.8472719
v 14.984138 2.41792662 69.4898606
v 14.1594809 2.65930157 69.4470139
v 13.3228529 2.46643655 69.3735108
v 12.4919229 2.06703967 69.5954669
v 12.6172866 1.28633941 69.5495453
v 12.7194198 0.597738984 69.6692104
v 15.0138128 0.678650742 69.75987
v 14.9363049 1.52251976 69.5339948
v 15.0141228 0.0393828119 69.9153812
v 14.2083946 1.7276 69.3349953
v 13.465431 1.5498103 69.3695097
v 13.5081261 0.691342969 69.5472243
v 14.2992719 0.785700737 69.5059896
v 14.3378925 -0.0431060956 69.6993251
v 13.579567 0.00654793004 69.6943399
v 19.6506499 -1.15187305 84.8596477
v 19.6175987 -2.04227014 84.1594632
v 20.5460931 -2.0919133 83.7668183
v 20.555813 -1.15394199 84.5311228
v 19.6925457 -1.98861747 80.7864613
v 19.7122026 -1.08994621 80.0943775
v 20.6943491 -1.10816486 79.7487417
v 20.6674283 -2.0153401 80.4506181
v 19.6704968 -2.52655435 81.8283894
v 20.6577626 -2.55458029 81.5231994
v 19.6796827 -2.55354324 83.0448638
v 20.5945468 -2.58493361 82.6983752
v 21.6170435 -2.56317004 82.3836623
v 21.6034777 -2.05978546 83.4829747
v 21.5761558 -1.14473095 84.2208149
v 21.7761012 -1.09952059 79.5017161
v 21.7423511 -2.00054229 80.1918875
v 21.7373052 -2.52314316 81.1744166
v 22.7718103 -2.52634093 82.2362359
v 22.7128063 -2.03570939 83.2900459
v 22.6730033 -1.13110698 84.0139467
v 22.9430732 -1.07480644 79.4126393
v 22.9010139 -1.96310602 80.0764197
v 22.8394267 -2.49340925 81.0806755
v 23.9522891 -2.52453353 82.2019116
v 23.8659097 -2.04069938 83.255451
v 23.8069449 -1.1350312 83.9826941
v 24.1891808 -1.05984293 79.4094281
v 24.1336373 -1.94259267 80.0622055
v 24.0489012 -2.47944957 81.0536144
v 25.160387 -2.55216298 82.1777944
v 25.0287924 -2.0661913 83.250977
v 24.9398036 -1.14431717 83.9935161
v 25.5096354 -1.02621382 79.4089923
v 25.4329012 -1.91189956 80.0308316
v 25.3080476 -2.48182348 81.0136248
v 26.352892 -2.55639758 82.1369684
v 26.1516934 -2.05727591 83.2239387
v 26.0201278 -1.11144686 83.9664329
v 26.8841697 -0.963570743 79.3521164
v 26.7814019 -1.84051274 79.9482412
v 26.5903538 -2.45036629 80.9420441
v 27.404688 -2.71596672 82.1122338
v 27.1248983 -2.10809807 83.2597984
v 26.9461468 -1.03866375 84.001831
v 28.2229105 -0.71127263 79.4546427
v 28.0993886 -1.5767249 79.8512635
v 27.7969252 -2.43788468 80.7797875
v 27.7255267 -2.62877446 82.2036898
v 27.4186734 -2.04738639 83.3177532
v 27.2164903 -1.00269881 84.0397381
v 27.1409337 0.00303675603 84.2856523
v 26.8824062 0.00698471146 84.2562933
v 28.6379763 -0.67999796 79.6185109
v 28.5016253 -1.41787355 79.9531826
v 28.1405726 -2.31951498 80.9060255
v 27.9052721 -2.48245808 82.2617776
v 27.5955029 -1.96923348 83.3029463
v 27.3934904 -0.975430626 84.014268
v 28.8381217 -1.39697887 80.0965131
v 28.8852713 -0.585098942 79.6920259
v 28.3314909 -2.24221345 80.9960537
v 28.0410792 -2.40201113 82.3333678
v 27.7493927 -1.96118742 83.2881128
v 29.1090062 -0.551354204 79.7531959
v 29.336759 -0.581135532 79.8179896
v 27.5405944 -0.986288545 84.0187634
v 29.0384307 -1.45252775 80.1280104
v 28.5112895 -2.23254521 81.0431238
v 14.2690688 -1.72151053 69.3397972
v 14.9767208 -1.46362472 69.5517681
v 15.0355416 -2.33732389 69.482548
v 14.2058217 -2.6578366 69.4371613
v 28.1788825 -2.6874448 82.1625855
v 27.8132003 -2.20721612 83.3562935
v 27.5564873 -1.14159158 84.2037961
v 28.7138441 -2.41929232 80.8072522
v 28.5123968 -2.66890402 82.2129915
v 28.1213593 -2.20453094 83.4264482
v 29.0789894 -2.35817897 80.7490195
v 27.8786977 -1.14889746 84.2761872
v 30.0306744 -0.423581432 79.7169077
v 29.8899936 -1.30641714 79.8881205
v 29.0426367 -2.48562794 82.1578863
v 28.6742155 -1.99303719 83.3087694
v 28.4637277 -1.03938742 83.8882198
v 29.5258438 -2.23646881 80.7797049
v 29.7705587 -0.0149890669 79.7751034
v 30.0605525 0.0146579284 79.7035256
v 29.6267625 -2.30892027 82.0871681
v 29.3010594 -1.8609446 83.1696771
v 29.1171329 -0.967454016 83.7002106
v 30.3068391 -1.22515942 80.0252284
v 30.0106662 -2.07088763 80.8534659
v 30.3512209 -0.419487785 79.8161552
v 30.212292 -2.06006492 82.0563783
v 29.9602481 -1.66793165 82.9973922
v 29.8238643 -0.873103846 83.5331465
v 29.7937313 0.00751228895 83.7558975
v 29.0732062 0.00446666449 83.9408026
v 30.7023481 -1.0991971 80.2579562
v 30.4852082 -1.8479375 81.0283443
v 30.7070623 -0.371125207 80.0266226
v 30.7299273 -1.69562607 82.0229442
v 30.6176136 -1.33209534 82.6983823
v 30.5738304 -0.685449703 83.1606163
v 30.5661895 0.0142055258 83.3354152
v 31.0848455 -0.896341441 80.6522597
v 30.9121266 -1.52815601 81.2637265
v 31.0910092 -0.303752654 80.4393215
v 31.0712722 -1.31599393 81.9301805
v 31.1954381 -0.841924882 82.1454436
v 31.1559619 -0.403499795 82.5351507
v 31.3663733 -0.655633035 81.2063298
v 31.2939773 -1.05862847 81.515297
v 31.3388509 -0.237264826 80.9034554
v 31.443648 -0.335309935 81.4203434
v 31.3932602 -0.412983752 81.8547661
v 31.4051434 -0.233697744 82.1425342
v 31.3966587 -0.0135620313 81.3040877
v 31.248303 -0.107385437 81.7583915
v 31.1970773 0.0103891354 81.9645229
v 31.3268527 0.0154776011 82.231985
v 18.8690385 -2.04369011 84.3763596
v 18.8393504 -2.54093254 83.3163946
v 18.890422 -1.14282773 85.146282
v 18.8944603 -0.00554375615 85.4324712
v 19.6497742 -0.00142572903 85.124863
v 18.8314593 -1.93488542 81.1100404
v 18.8427459 -1.05089127 80.4457966
v 18.8270824 -2.48675354 82.1307851
v 18.1809293 -2.03652961 84.6087927
v 18.1347624 -2.5405997 83.5154611
v 18.2511876 -1.14039657 85.3884813
v 18.2712891 -0.00972520578 85.6643212
v 18.0835246 -1.87566546 81.3209875
v 18.0878821 -0.999608261 80.6988849
v 18.0954658 -2.4688242 82.3212363
v 17.4956942 -2.07877784 84.825689
v 17.6281567 -1.14335197 85.6454326
v 17.6694025 -0.0106881416 85.9410201
v 17.4460055 -1.81151485 81.2608095
v 17.4430618 -0.923884884 80.7059218
v 16.8606783 -1.17966834 85.9699875
v 16.7337679 -2.06559416 85.1045333
v 16.9672713 -0.0708948053 86.2225711
v 16.7522862 -1.59776207 80.7264614
v 16.7641063 -0.704360453 80.6136046
v 14.1743754 -2.25788502 85.2239027
v 15.6134292 -2.50519977 84.6535937
v 15.7182892 -1.90256031 85.5072479
v 14.277802 -1.8124861 85.7836133
v 15.7555584 -1.10387867 86.1554644
v 14.0363517 -1.0231614 86.0422093
v 14.177531 -2.74476022 84.375767
v 15.5527392 -2.90679963 83.6919819
v 15.4272565 -3.0596958 82.4411277
v 16.2063527 -3.00283132 81.5972198
v 16.1826072 -2.22434824 79.960239
v 16.1901956 -1.48561509 79.5730391
v 16.2229921 -0.69131556 79.6333063
v 16.0931447 -2.87290455 79.9150999
v 15.1486603 -3.15859489 80.6594242
v 15.809764 -3.13595845 79.5857742
v 16.2293905 -1.3215618 77.0283768
v 16.1598375 -0.584280773 76.8970582
v 16.408749 -2.22164916 77.1928693
v 15.1969642 -3.60292567 77.6895822
v 16.0883069 -3.19569001 77.2885643
v 14.1485977 -3.14671843 78.81868
v 13.5522875 -2.45384003 81.00031
v 16.6660265 -1.37796662 75.137806
v 16.5980843 -0.561769337 74.9666616
v 16.7864477 -2.48428296 75.2752654
v 13.3460401 -3.76430172 76.47049
v 14.876297 -4.25803778 75.9638048
v 16.2764173 -3.61876245 75.4845319
v 11.3835955 -0.817645156 76.6260669
v 11.6721246 -1.74017315 76.6651098
v 12.5158065 -1.60539527 78.4495589
v 12.177328 -0.712649065 78.431574
v 12.299617 -2.76917392 76.6594634
v 13.0975626 -2.46262783 78.5472176
v 17.110197 -1.50945718 73.8221722
v 16.983244 -0.651160055 73.6063706
v 17.1547414 -2.82595897 73.8528403
v 12.7878789 -4.23297042 74.506707
v 14.6245578 -4.83864998 74.2022236
v 16.4606419 -4.17080789 73.8825005
v 10.5086417 -0.797862689 75.0102082
v 10.6645013 -1.74038301 74.9624917
v 11.2463028 -2.96591776 74.7602786
v 17.2632315 -1.57807294 72.4801953
v 17.1552221 -0.714724544 72.5283754
v 17.2334768 -2.92667418 72.3786502
v 12.4286788 -4.32360635 72.9121247
v 14.3440631 -4.89527112 72.6652566
v 16.336257 -4.25467503 72.387209
v 10.1684593 -0.765288409 73.4271276
v 10.2208073 -1.7095843 73.3259454
v 10.8602349 -3.09359944 73.1085606
v 16.9918451 -0.663910759 71.5415333
v 16.9430968 0.00447025348 71.5932535
v 17.1016972 -0.00110558419 72.5535171
v 17.0436546 -1.47036402 71.3973042
v 16.8963754 -2.69281601 71.1793909
v 12.3210697 -4.0459304 71.531093
v 14.1727455 -4.50577733 71.2769038
v 16.0101619 -3.87819612 71.0471303
v 10.4559161 -0.776655662 72.0698937
v 10.5030463 -1.69815346 72.0070546
v 10.9695503 -2.99023591 71.8242304
v 16.5672035 -1.23260528 70.5856916
v 16.5711547 -0.564307481 70.7705128
v 16.3444566 -2.22993546 70.2838128
v 12.7103355 -3.43418609 70.2015708
v 14.1438564 -3.80572938 70.0961281
v 15.5904209 -3.24880784 70.0636307
v 11.2236259 -0.706300234 70.7663821
v 11.2576857 -1.50301241 70.6953928
v 11.6278785 -2.55912914 70.5123717
v 15.6848811 -1.05505156 69.9134506
v 15.7019982 -0.507183484 70.0835546
v 15.6159962 -1.77694145 69.7191398
v 13.3653871 -2.52346528 69.371097
v 12.7508139 0.000319740668 69.7846983
v 12.7229729 -0.593315431 69.6786289
v 11.2459749 -0.00644636183 70.7738174
v 12.6570035 -1.31521373 69.5341002
v 12.560367 -2.16040755 69.570605
v 14.9912986 -0.622274794 69.76694
v 13.5093913 -1.61563083 69.363124
v 13.5336363 -0.711449816 69.543227
v 14.2971254 -0.834204155 69.4922657
v 31.0596853 1.13621507e-05 81.7447428
v 20.5500487 0.00228371261 84.7949015
v 21.5663522 0.00525150109 84.4812041
v 21.7880787 -0.0104396543 79.1822441
v 22.6585818 0.00724311135 84.2693914
v 23.7855206 0.0093167712 84.2404618
v 25.5344993 0.0147864225 79.1008627
v 26.9153447 0.0105993085 78.9197443
v 28.2552659 -0.0100716674 79.2790683
v 27.3187259 0.00138719796 84.254808
v 29.4676646 -0.000412221772 79.7590945
v 29.213676 0.0208254491 79.6729761
v 27.4558279 -0.00596761789 84.2804768
v 29.7705587 -0.0149890669 79.7751034
v 27.4692348 -0.00699430253 84.499364
v 27.81039 0.00258056003 84.5630206
v 30.0605525 0.0146579284 79.7035256
v 28.3974098 0.00420499197 84.1390091
v 31.0658687 -0.00418813441 80.4123878
v 31.1587752 0.0141682656 82.6432065
v 31.3263425 -0.0103612906 80.8685919
v 31.3966587 -0.0135620313 81.3040877
v 31.2343228 0.10408113 81.7433703
v 16.6925276 -0.00134435004 80.636755
v 12.7303897 0.520132427 80.1053546
v 12.7373994 -0.0357115646 80.2058024
v 10.5112694 -0.0255952607 75.0084794
v 17.1016972 -0.00110558419 72.5535171
v 16.9430968 0.00447025348 71.5932535
v 11.2459749 -0.00644636183 70.7738174
v 12.7508139 0.000319740668 69.7846983
v 31.0596853 1.13621507e-05 81.7447428
v 19.7199087 -0.021109349 79.7765844
v 20.7044879 -0.0158432514 79.4256081
v 21.7880787 -0.0104396543 79.1822441
v 22.9576122 -0.00163675578 79.1035561
v 24.2078597 0.00810119455 79.1038996
v 25.5344993 0.0147864225 79.1008627
v 26.9153447 0.0105993085 78.9197443
v 28.2552659 -0.0100716674 79.2790683
v 28.6975118 -0.0180171169 79.4782282
v 28.9753901 -0.000141375573 79.589056
v 29.4676646 -0.000412221772 79.7590945
v 29.213676 0.0208254491 79.6729761
v 30.325578 -0.00270073849 79.8104357
v 30.6744814 -0.00343752166 80.0156274
v 31.0658687 -0.00418813441 80.4123878
v 31.3263425 -0.0103612906 80.8685919
v 18.8458908 -0.0312717711 80.1427377
v 18.0870736 -0.0442679532 80.4234474
v 17.4328695 -0.0463813336 80.5296023
v 16.6636838 -0.0513414811 80.6278488
v 16.2347852 -0.0441012871 79.5130842
v 16.1626854 -0.000299380595 76.8410636
v 12.7324653 -0.049457515 80.1550457
v 12.0922042 0.0107641453 78.3464127
v 12.7644731 -0.526652066 80.3785358
v 16.5757584 -0.00199050418 74.8814166
v 11.3297121 -0.0307701133 76.6036782
v 16.9431447 -0.00572573325 73.5785996
v 10.5111493 -0.0253181176 75.0081965
v 10.1746051 -0.00463014306 73.4423821
v 10.4621846 -0.00202758418 72.1066032
v 16.5561277 0.00559793661 70.8472719
v 15.703595 -0.00319605215 70.1726779
v 15.0141228 0.0393828119 69.9153812
v 13.579567 0.00654793004 69.6943399
v 14.3378925 -0.0431060956 69.6993251
v 14.1842053 2.74472712 84.382797
v 14.0783223 2.77671877 83.3737144
v 14.0787597 2.68254194 82.2214106
v 13.6411231 2.4342271 81.062665
v 12.9770466 1.28989665 80.3968709
v 13.347244 1.99659199 80.6053154
v 12.9344148 -1.2794032 80.3934018
v 13.2719531 -1.969691 80.6107767
v 12.6544534 0.0594553641 81.5924268
v 12.6576904 -0.0291728557 81.5754825
v 12.8345648 2.00026353 86.1877856
v 12.6481569 2.40862283 85.5778967
v 12.5658022 -0.896281109 81.732609
v 12.5761285 -1.5102665 82.0074489
v 12.8060391 0.000360961534 86.5749962
v 12.7573222 -1.18380772 86.612495
v 12.6792927 -1.95058511 82.3315474
v 12.5833967 0.977936457 81.7408278
v 12.6788225 -2.71110542 84.9256515
v 12.7319337 -2.38004872 85.5847983
v 12.6595868 1.54159453 81.9592154
v 12.626926 1.95752996 82.3388383
v 12.735141 2.46320148 83.0689191
v 13.0501906 2.75696995 83.9486839
v 12.8841063 2.68358319 84.8146773
v 12.8336176 -1.95016908 86.2147605
v 12.8366227 1.2168301 86.5653553
v 10.8314281 2.45238688 86.2566876
v 10.8351241 1.73414192 87.7064219
v 11.1578241 0.0340995372 88.5497062
v 10.8346653 -1.73525211 87.7052075
v 10.8459133 -2.45820878 86.244635
v 11.35264 -2.10759 82.85921
v 11.16245 -1.83357 80.67615
v 11.66437 -0.01966 80.67281
v 11.1319 1.72097 80.66885
v 11.36515 1.96904 82.82583
v 12.9549502 -2.65202118 83.2255769
v 12.8350025 -2.64353846 83.8420822
v 13.3619025 -2.76099413 83.7274663
v 14.0872819 -2.7413416 82.8041629
v 13.491787 -2.59011729 82.5584165
v 20.0956779 1.63286986 84.3481868
v 20.0934388 1.14492587 84.678777
v 19.6530538 1.62897157 84.5077631
v 20.1009642 2.05676451 83.9361714
v 20.5650772 1.63448985 84.1837908
v 20.1064109 2.35046471 83.418652
v 19.6535187 2.34511404 83.5812762
v 20.116332 2.55088483 82.8566606
v 20.5849773 2.35417602 83.2553827
v 20.1271135 2.58649794 82.2610083
v 19.6629845 2.57577318 82.4242792
v 20.1416483 2.52106938 81.6695599
v 20.6152231 2.59356849 82.0983838
v 20.1558242 2.29907607 81.1256356
v 19.682812 2.283532 81.2924546
v 20.1713505 1.9915798 80.6301244
v 20.6513622 2.30805371 80.961559
v 20.1839923 1.57142725 80.2437172
v 19.7054775 1.55735604 80.4170759
v 20.1952997 1.09197286 79.9353901
v 20.6840928 1.57807511 80.0772206
v 20.2010844 0.545490958 79.7681029
v 19.7192897 0.536809349 79.946536
v 20.2042177 -0.017608593 79.6145737
v 20.7035054 0.549299334 79.6004192
v 21.0675879 1.63097058 84.0249561
v 21.0799225 2.0542033 83.6157883
v 21.5896445 1.62393077 83.8795122
v 21.0592419 1.14341028 84.3541451
v 21.0945909 2.34912443 83.1004145
v 21.1133095 2.55035961 82.5421059
v 21.6237414 2.33939895 82.9611258
v 21.1330123 2.58845243 81.9485
v 21.155397 2.5242519 81.3605667
v 21.6700183 2.57749233 81.8172302
v 21.1762372 2.30336537 80.8169565
v 21.1972762 1.99606947 80.3243197
v 21.7199786 2.29248719 80.6947253
v 21.2138337 1.5738395 79.9376701
v 21.2280716 1.09438193 79.6317748
v 21.762104 1.56520569 79.8240971
v 22.1338137 1.61508761 83.7655208
v 22.1525048 2.0339157 83.3631823
v 22.690403 1.60574104 83.6827731
v 22.1203859 1.13233978 84.090003
v 22.1748189 2.32598394 82.8553431
v 22.2017494 2.52436975 82.3065975
v 22.7396159 2.31316749 82.7806787
v 22.2294894 2.56092893 81.722586
v 22.2598574 2.49498939 81.1463758
v 22.8039464 2.54476306 81.6588718
v 22.2873033 2.27428109 80.6135758
v 22.3143779 1.96799237 80.1338687
v 22.8705459 2.25651959 80.5634954
v 22.3351358 1.54917676 79.7571943
v 22.3527333 1.07653984 79.4619481
v 22.9245048 1.53527869 79.7203802
v 23.2574183 1.60479488 83.6548767
v 23.2846874 2.02212125 83.2552342
v 23.8306248 1.60793173 83.6470434
v 23.2377972 1.12534282 83.9750729
v 23.3166584 2.31119991 82.7539732
v 23.355211 2.50620678 82.2103064
v 23.9028335 2.31422045 82.7442345
v 23.3937678 2.53908307 81.6357344
v 23.4360179 2.46904327 81.0677143
v 23.9957442 2.53842613 81.6260853
v 23.4728002 2.24678102 80.5468696
v 23.509122 1.94014892 80.0767284
v 24.0896803 2.24081717 80.5394701
v 23.5359729 1.52571871 79.7109158
v 23.5587737 1.0598429 79.4223063
v 24.1632611 1.51736095 79.7077938
v 23.5707325 0.538200513 79.2655722
v 23.5766336 0.0029446139 79.1171978
v 24.2027733 0.537087473 79.2672842
v 22.9544389 0.540026956 79.2709794
v 24.4025821 1.61504963 83.6495728
v 24.4433532 2.03726463 83.24442
v 24.9737146 1.62208134 83.6479989
v 24.3733489 1.132626 83.9731818
v 24.490818 2.32658225 82.7394907
v 24.5484538 2.5213456 82.1899891
v 25.082623 2.33890338 82.7296729
v 24.6051759 2.54879003 81.6135674
v 24.6681507 2.46959137 81.0413704
v 25.2235987 2.55502315 81.5945808
v 24.7210132 2.23954944 80.5226194
v 24.7734142 1.9216454 80.0560972
v 25.3657267 2.22650078 80.5015275
v 24.8105147 1.50463864 79.6965896
v 24.8416555 1.03934249 79.4189107
v 25.4724556 1.47929737 79.6886503
v 25.4579094 0.58493042 84.1444049
v 25.4831851 1.12710783 83.9644505
v 25.9843187 0.573893426 84.1268181
v 25.448591 0.0153416711 84.2258497
v 24.9160748 0.586782076 84.1557028
v 25.5270214 1.6136895 83.6358971
v 25.5880318 2.04458872 83.2269185
v 26.0695965 1.59549626 83.619145
v 25.659898 2.33845217 82.714314
v 25.7475901 2.53431513 82.1573539
v 26.2322032 2.33637859 82.6956692
v 25.8353756 2.549857 81.5718711
v 25.9348808 2.44789137 80.9920283
v 26.4498823 2.55064321 81.5415589
v 26.0156771 2.19520532 80.4751112
v 26.0949612 1.85426052 80.0192387
v 26.6766563 2.17919908 80.4191653
v 26.1478479 1.43006835 79.6779358
v 26.1896918 0.973142941 79.4254259
v 26.8352448 1.39903707 79.6078929
v 26.5718517 1.56376719 83.6101369
v 26.6588926 2.03194477 83.2048446
v 26.9970277 1.58781256 83.6625625
v 26.5083878 1.0667295 83.935439
v 26.7643822 2.36069634 82.6865908
v 26.892667 2.60026311 82.1173427
v 27.222019 2.45395737 82.7105171
v 27.0329226 2.62037769 81.4949176
v 27.2006953 2.50967336 80.8464655
v 27.5540313 2.64894827 81.4492486
v 27.3309565 2.21101313 80.2828409
v 27.4563337 1.80358452 79.7959426
v 27.9066886 2.04996767 80.2834583
v 27.530632 1.33583021 79.4635389
v 27.5807269 0.864534296 79.2548736
v 28.1310668 1.13471746 79.6066126
v 27.1899874 1.57032113 83.6793073
v 27.2974909 2.06806711 83.2689546
v 27.3063762 1.54633746 83.7042443
v 27.107463 1.02918152 84.0008398
v 27.4331674 2.43032522 82.733009
v 27.5945318 2.64979249 82.1421704
v 27.5599419 2.39203116 82.7693722
v 27.7910518 2.58424391 81.4825346
v 27.9901319 2.36018928 80.850752
v 27.9230613 2.51934393 81.5384961
v 28.6028516 2.58711549 81.4966926
v 28.9184876 2.36734076 80.8067193
v 28.8517445 2.53070999 81.3456401
v 28.3326262 2.66698966 82.2009987
v 28.4419059 2.57521724 81.5106551
v 28.0215555 2.45057267 81.5791275
v 27.8218594 2.52686913 82.2179573
v 28.261899 2.24959265 80.9767072
v 28.1537843 2.38727461 81.4845256
v 28.4154588 1.03506247 79.6701849
v 28.4645843 0.655580369 79.5368393
v 28.5952443 0.922251669 79.7050594
v 28.329073 1.46930653 79.9124759
v 27.4014002 1.52329983 83.6965829
v 27.5133831 2.00115847 83.2930989
v 27.4865363 1.49579886 83.68743
v 27.3116579 0.996996219 84.0100159
v 27.6570396 2.34054684 82.7765126
v 27.7424233 2.2816363 82.7910939
v 29.3802967 -1.2191545 79.8807377
v 29.3391604 -1.58335036 79.9540171
v 29.5814153 -1.11362665 79.8151663
v 28.7232334 0.988749268 79.8000428
v 28.8641402 1.00916132 79.8787675
v 28.6632029 1.4088898 80.0535911
v 28.7426431 0.622810336 79.651082
v 28.8007627 0.301112176 79.5893855
v 28.8489584 -0.000140288014 79.5486681
v 28.9268693 0.296971293 79.6337941
v 28.6645015 0.308286868 79.5362174
v 28.4872226 1.8653864 80.4838065
v 28.5919364 1.85376441 80.5307019
v 28.3756743 1.78622473 80.2967679
v 27.5662522 1.48428369 83.6820527
v 27.6793416 1.94299161 83.2838064
v 27.628236 1.49398255 83.6977562
v 27.4756325 0.976166507 83.9973307
v 27.8232626 2.24714191 82.7958311
v 28.0072854 2.41046865 82.2659927
v 27.8906052 2.24081201 82.8111199
v 28.2049588 2.36804644 81.6311818
v 28.2352492 2.37804181 81.7655284
v 28.4321424 2.19707272 81.024729
v 28.6883852 1.84636758 80.5420111
v 28.7341357 1.93882519 80.6143898
v 28.9629588 1.43721413 80.1514431
v 29.2492514 1.00582966 79.9357934
v 29.289437 1.12463185 79.9508321
v 29.1545372 0.917669335 79.9127891
v 29.4383016 0.594121681 79.8187083
v 28.9819961 0.613967271 79.7432295
v 29.007257 0.925656624 79.8885895
v 27.6422624 1.57382086 83.7690424
v 27.7726003 2.05354295 83.3318695
v 27.6842942 1.68115646 83.8225544
v 27.5446861 1.04326325 84.1030065
v 27.9260943 2.35175185 82.8285607
v 28.1090536 2.5283409 82.2459163
v 27.98625 2.48434391 82.8123877
v 28.3408814 2.4828258 81.5889194
v 28.6123823 2.29326504 80.9368213
v 28.8723066 1.95910578 80.4419562
v 29.1140793 1.58456119 80.0723051
v 28.9960485 1.97600463 80.281905
v 29.3802967 1.21897053 79.8806158
v 29.5932742 1.02674761 79.7998437
v 29.3030921 1.58670911 79.9567006
v 27.8182331 1.70919335 83.8603734
v 27.9531025 2.20190366 83.3936901
v 28.0031384 1.70287393 83.8506692
v 27.7075876 1.15119378 84.2425581
v 28.1230083 2.50705626 82.8295831
v 28.3143793 2.47347664 82.8315231
v 29.1487635 2.19948311 82.7104794
v 29.4566161 2.12020107 82.6557948
v 29.0534063 1.90260453 83.1999829
v 28.8898131 2.32883182 82.6400843
v 29.3338926 2.3777559 82.1180451
v 28.5738662 2.37677619 82.7926113
v 28.8281151 2.53377703 82.1719937
v 28.3975031 2.08420414 83.3313514
v 28.2713402 1.63392463 83.7048184
v 28.5659299 1.54762259 83.6070527
v 28.1695428 1.10583847 84.0520538
v 29.1862393 0.598738147 79.7973229
v 29.5396358 2.33139223 81.4721457
v 29.8138344 2.23256354 81.4719073
v 29.2803151 2.41382637 81.4667058
v 29.7608371 2.13474085 80.8310295
v 30.1728259 0.833123412 79.8363072
v 30.1945495 0.450662838 79.7668742
v 30.3496474 0.7975252 79.900916
v 30.0557909 1.28363253 79.9728527
v 29.9645782 0.966158528 79.7959216
v 28.8821537 1.49405089 83.5296322
v 29.2074436 1.44214803 83.4601748
v 28.79589 1.00890444 83.7688506
v 29.0218802 2.49791645 81.4818512
v 29.2883508 2.28809286 80.795254
v 29.9398459 1.74138085 80.3469453
v 30.1450175 1.74453959 80.4867873
v 29.7211775 1.8037545 80.2993522
v 30.5342713 0.750439308 80.0021214
v 30.5292039 0.401521305 79.9221497
v 30.7168045 0.703112406 80.1250304
v 30.5054359 1.15341598 80.1535029
v 29.5503618 1.38542082 83.3847168
v 29.7022891 1.74955851 83.058783
v 29.8973871 1.30008782 83.2773992
v 29.4769158 0.938706816 83.6181048
v 30.4048203 1.56312518 80.4919326
v 30.6113159 1.47129741 80.603268
v 30.2049004 1.95443582 80.9299268
v 29.7640713 2.01513784 82.6120905
v 30.0647965 1.85322063 82.6179905
v 29.9188179 2.16779175 82.0718437
v 30.0739097 2.11982991 81.5153001
v 30.324758 2.00407494 81.6241454
v 30.5119724 0.176128133 79.9041004
v 30.4995565 -0.00434391813 79.9038415
v 30.691007 0.164899814 80.0246411
v 30.345064 0.190427375 79.811038
v 30.9069379 0.627468531 80.3091546
v 30.9003299 0.335249722 80.2321498
v 31.0919925 0.56516859 80.5337696
v 30.8931569 0.982358706 80.4511792
v 30.2611857 1.18860766 83.1157849
v 30.3147224 1.50881296 82.8219818
v 30.5983142 1.03860824 82.9196927
v 30.2129033 0.807984931 83.3440586
v 30.4101544 1.73033764 82.4090684
v 30.4961827 1.86343639 81.9976626
v 30.6920566 1.53353208 82.3093125
v 30.6084259 1.81544188 81.5326196
v 30.7121605 1.66315949 81.1155804
v 30.8222797 1.64094467 81.5900475
v 30.8159833 1.33909754 80.7382026
v 31.0150302 1.19404963 80.9066826
v 31.2409059 0.483719995 80.8000332
v 31.228104 0.259432199 80.6923975
v 31.3519565 0.410344601 81.023949
v 31.2400366 0.751536085 80.9117026
v 30.9042998 0.86370098 82.6279092
v 30.935863 1.09265508 82.3862888
v 31.1660742 0.659174774 82.342816
v 30.88426 0.583134845 82.8249018
v 30.960969 1.29710937 82.1113183
v 30.9465036 1.46867617 81.9004961
v 31.1372187 1.1438953 81.9539786
v 31.0114053 1.43671724 81.5997029
v 31.1204595 1.26836248 81.3323394
v 31.1853314 1.19343612 81.6806659
v 31.2058337 0.996378869 81.073913
v 31.3220164 0.857068908 81.3377448
v 31.3208466 0.742065614 81.6575001
v 31.3851269 0.537115532 81.5748297
v 31.3314454 0.580975666 81.9277549
v 31.2736708 0.953682015 81.7435211
v 31.3031145 0.515759734 82.1403812
v 31.3904658 0.339372182 82.0099707
v 31.2854559 0.349383983 82.3016636
v 31.4099086 0.463532935 81.3130715
v 31.4232693 0.369272821 81.6014406
v 19.252388 1.62030658 84.6493126
v 19.2586801 1.13706819 84.9872336
v 18.8780667 1.61468359 84.785879
v 19.2473168 2.04114134 84.2372254
v 19.2382566 2.33654116 83.7309098
v 18.85278 2.32783733 83.8593993
v 19.235197 2.53218782 83.1727448
v 19.233451 2.56046075 82.5794325
v 18.8310855 2.54974625 82.719705
v 19.2375735 2.48733324 81.9916643
v 19.2433446 2.26029583 81.4548518
v 18.8286375 2.23652865 81.6018066
v 19.2523137 1.95114796 80.9677209
v 19.2606016 1.53705943 80.5912373
v 18.839088 1.5110836 80.7518716
v 19.2687151 1.0648717 80.2909745
v 19.2712855 0.526417296 80.1288865
v 18.8458007 0.509720932 80.3020702
v 19.276807 -0.0176765405 79.9756296
v 18.5332603 1.6122102 84.9082454
v 18.5586829 1.13142636 85.2538378
v 18.2094023 1.61466399 85.0285597
v 18.5148139 2.0276946 84.4820228
v 18.4970161 2.32625713 83.9666431
v 18.153023 2.33496491 84.0584828
v 18.4788625 2.52104183 83.4152457
v 18.4612602 2.54410048 82.8277719
v 18.1143466 2.54395471 82.8936454
v 18.4514934 2.45559179 82.2457752
v 18.446383 2.2126189 81.7187589
v 18.0913812 2.1944381 81.7912908
v 18.447106 1.89362922 81.2465915
v 18.4504107 1.48340945 80.8867557
v 18.087915 1.4523459 80.9790181
v 18.4549304 1.02052969 80.6036105
v 18.453877 0.494887483 80.4507914
v 18.0881445 0.474688685 80.5604187
v 18.4639411 -0.0129080005 80.3000782
v 17.8875934 1.62275734 85.1538271
v 17.9350383 1.13422569 85.4978463
v 17.5671199 1.6248224 85.2801466
v 17.8448929 2.04427009 84.7028401
v 17.8133955 2.36230495 84.1260419
v 17.4839595 2.31331275 84.3738349
v 17.7929708 2.55567663 83.5244908
v 17.7797032 2.55459772 82.8914716
v 17.4495213 2.5842602 82.8587273
v 17.7673114 2.44247154 82.2996579
v 17.7658262 2.17421345 81.783546
v 17.4456242 2.24709613 81.8218184
v 17.7634043 1.83123968 81.3310919
v 17.7620735 1.41743856 80.9972072
v 17.4387083 1.36475318 80.9776528
v 17.7633329 0.962779522 80.7390392
v 17.7606961 0.45757717 80.5976772
v 17.4242331 0.434483773 80.6297681
v 17.7738362 -0.00731151474 80.4826663
v 17.2231669 1.61948592 85.422892
v 17.2777393 1.14066553 85.7999718
v 16.8562858 1.51784638 85.681963
v 17.2454344 2.0444662 84.9285844
v 17.1384625 2.62066107 82.7072155
v 17.0811924 2.71291991 83.1943491
v 16.8922695 2.71306203 82.6351049
v 17.1999942 2.46778757 82.1391262
v 17.0901688 1.27528829 80.9065929
v 17.0365552 1.71059488 81.058212
v 16.7587997 1.2837959 80.6722848
v 17.0746922 0.836589891 80.7510897
v 17.1271161 2.16162413 81.5529884
v 16.7954678 1.99059332 81.1421122
v 16.7041545 -2.89018519 82.9566272
v 16.6025595 -2.85538078 83.4194023
v 16.8739805 -2.76788473 83.4048178
v 15.0253299 0.553975337 86.1470814
v 15.8383508 0.573871823 86.2554449
v 15.215628 -0.00615196903 86.216789
v 14.1548507 0.522500395 86.1135007
v 15.0290003 1.05335429 86.0299177
v 14.9934958 1.47858957 85.7976787
v 15.7770798 1.54045939 85.7985649
v 14.2200248 1.45363026 85.9086182
v 14.9951673 1.85481239 85.5698743
v 14.9690971 2.14997183 85.2596039
v 15.6613946 2.23984288 85.0174801
v 14.2223098 2.05934386 85.4875687
v 14.7642359 2.34862625 84.9935483
v 16.3824852 1.59352144 85.7148807
v 16.2987993 1.98495936 85.2591812
v 16.4304981 1.1326842 86.0659397
v 17.1303494 2.37525553 84.3636323
v 16.7460254 2.36757862 84.5068036
v 17.0501742 2.6324563 83.7895161
v 15.9485525 3.00384023 82.6892979
v 16.38699 2.95543655 82.4337545
v 16.0798997 2.93047427 83.3214088
v 15.4500382 2.99915011 82.9505766
v 15.8311293 3.06593179 81.9374054
v 16.2539924 2.31622445 84.7234303
v 16.2082557 2.58503039 84.255872
v 16.4686887 1.98282682 80.7480801
v 16.3961404 2.34332272 80.9445463
v 16.2020959 1.84689045 79.8400633
v 16.5270941 1.56806808 80.4922719
v 15.9296333 3.18349615 78.4190663
v 16.1255284 2.95502727 78.5413171
v 16.0194298 3.01471077 79.6740792
v 15.4664296 3.35183012 78.3958004
v 15.7625412 3.4209144 77.382393
v 16.6922517 2.80760058 82.4225246
v 16.4895606 2.74760649 81.7201149
v 16.7711216 2.84004307 82.9755502
v 16.1547429 2.78077665 83.823911
v 16.6111178 2.81000662 83.5193133
v 15.5765887 2.77210061 84.0793773
v 16.4379348 1.09915648 80.232174
v 16.208048 0.961936068 79.5389722
v 16.3797799 0.683831682 80.1021873
v 16.2308678 2.63185466 80.8974097
v 16.127639 2.87960611 80.5935191
v 16.1491014 2.54053654 79.9262979
v 16.1735121 1.75879865 78.5326007
v 16.2420875 2.16592406 78.6049933
v 16.3265199 1.74570539 77.1584077
v 16.1535313 1.37682133 78.3956976
v 16.1390843 1.00478083 78.3139764
v 16.1976696 0.944497011 76.9828257
v 16.1400366 0.634733136 78.2846224
v 16.1492315 0.303759721 78.2466798
v 16.1725351 0.290032245 76.8870912
v 16.1618506 0.00237205346 78.3005312
v 16.2350033 0.301484855 79.4914307
v 16.2390948 2.55356362 78.5865339
v 16.323445 2.68913654 77.251643
v 17.1511181 -2.64413818 82.6532183
v 17.1364055 -2.48034757 82.0877575
v 16.8468373 -2.69461056 82.3423788
v 17.1493144 -2.70478521 83.246474
v 17.4498139 -2.60297254 82.8604089
v 15.0796789 3.21469044 79.1150477
v 14.8687523 3.48570332 78.0501553
v 15.3613576 3.15083374 80.2281542
v 14.7062889 3.09580287 79.870286
v 16.5414349 1.78693028 76.1159127
v 16.5895134 2.31432224 76.1814259
v 16.7552423 1.88835285 75.2370839
v 16.4440589 1.32692833 76.033259
v 16.3937739 0.923212472 75.9473521
v 16.6219294 0.944794273 75.0647746
v 16.3640699 0.571580043 75.8777756
v 16.3521685 0.281248463 75.8301789
v 16.5778741 0.271399288 74.9379929
v 16.3536029 0.00160370274 75.8106463
v 16.4706378 2.84889191 76.2347054
v 16.2065918 3.34903506 76.3377146
v 16.6141688 3.04075267 75.3867815
v 15.7368206 3.66763887 76.5116705
v 15.1096374 3.88032299 76.8227026
v 15.6839889 3.97563431 75.714287
v 14.5184138 3.75659669 77.293023
v 13.8368501 3.48799811 77.542854
v 14.1808769 4.07475854 76.2835759
v 13.2402969 3.13032939 77.538268
v 12.7573546 2.66894483 77.5518285
v 12.8344414 3.32473514 76.5597973
v 13.6209817 2.86682936 78.608446
v 12.40637 2.1947775 77.5461498
v 12.1198042 1.70351149 77.5332101
v 11.9464502 2.27660594 76.6420921
v 12.7956122 2.06742857 78.4780711
v 11.9093572 1.23445039 77.5076407
v 11.7793657 0.789242201 77.4840392
v 11.4849594 1.26890979 76.6398983
v 12.3129515 1.16605298 78.4069832
v 11.7331931 0.374027021 77.473526
v 11.7040962 0.00470406354 77.4256774
v 11.3387581 0.381313958 76.6207811
v 12.1081144 0.416891991 78.3594733
v 16.9762338 1.99246437 74.53447
v 16.9768375 2.62825104 74.5748832
v 17.1590264 2.126761 73.8572525
v 16.8998158 1.4377166 74.4640401
v 16.8332719 0.993319201 74.3531552
v 17.0328891 1.05183437 73.7358028
v 16.7960152 0.603055766 74.2692003
v 16.7762274 0.277858578 74.2339124
v 16.9482842 0.308376371 73.6042707
v 16.7705774 -0.0100583436 74.2060604
v 16.7769307 3.25464352 74.6408255
v 16.3885426 3.86697881 74.7116299
v 16.8901126 3.48857059 73.8733524
v 15.6934185 4.28876811 74.9032297
v 14.8081785 4.52602564 75.1061645
v 15.6188502 4.54774559 74.0574263
v 13.955174 4.37388558 75.3251013
v 13.1291971 4.02340598 75.4811247
v 13.7295507 4.5877254 74.39039
v 12.4720118 3.51879869 75.5824455
v 11.8162979 2.91352307 75.674701
v 12.0355083 3.63063285 74.6490595
v 11.4126617 2.34318126 75.7219285
v 11.1527744 1.76831898 75.7848245
v 10.9395014 2.36918367 74.856216
v 10.9975819 1.26900718 75.7975415
v 10.924348 0.807998727 75.8054593
v 10.5706739 1.25548362 74.9813902
v 17.2574248 2.19946639 73.1594751
v 17.2098767 2.8941407 73.1248941
v 17.2795604 2.23480326 72.461263
v 17.2128615 1.56831891 73.1699234
v 17.1512852 1.09636879 73.1580784
v 17.2040606 1.1237406 72.5416711
v 17.0900727 0.687510616 73.085975
v 16.9244365 3.59401469 73.1125026
v 16.3989889 4.22134525 73.1443726
v 16.8529612 3.610524 72.3902724
v 15.5177636 4.64034474 73.2751782
v 14.5076131 4.8512109 73.4281854
v 15.3737956 4.62345229 72.5283289
v 13.5435398 4.65570485 73.5711278
v 12.6113712 4.27286792 73.6974471
v 13.3785403 4.6435446 72.8000746
v 11.7702759 3.68527489 73.815108
v 11.0614143 3.04830493 73.9168748
v 11.5988988 3.70584932 73.0195479
v 10.6710826 2.40363022 74.0237788
v 10.413122 1.75254718 74.1196525
v 10.5033709 2.39217364 73.2370748
v 10.3095245 1.23478989 74.1663558
v 10.2941737 0.780031199 74.2017366
v 10.1927683 1.2186196 73.3929149
v 17.1847422 2.19322468 71.8652806
v 17.063908 2.84790417 71.7837681
v 17.006634 2.08841538 71.3148024
v 17.1827632 1.56754367 71.93797
v 17.1478751 1.10702687 71.9985085
v 17.0244086 1.06178895 71.4949939
v 17.0975154 0.706855485 72.0328459
v 16.6927406 3.50915973 71.7462152
v 16.1295294 4.07947811 71.7289726
v 16.4924562 3.31969718 71.1297422
v 15.215722 4.467113 71.8313428
v 14.2350165 4.67325494 71.9639312
v 15.0801237 4.24363794 71.1803445
v 13.2700766 4.49902704 72.0872303
v 12.3430985 4.16235698 72.2057982
v 13.2035726 4.30412661 71.4157183
v 11.5267548 3.62231158 72.3165099
v 10.8860718 3.02991199 72.4504885
v 11.5833605 3.50312906 71.6681906
v 10.5204376 2.35689635 72.5685022
v 10.3303613 1.71824161 72.6573939
v 10.6898461 2.30157642 71.922471
v 10.2834703 1.21595071 72.7116286
v 10.2778547 0.77558351 72.739146
v 10.478079 1.20213678 72.0468326
v 10.2809031 0.381913612 72.7524426
v 10.2835819 0.000271284219 72.7647188
v 10.4737939 0.377778115 72.0918155
v 10.1927869 0.373039388 73.444257
v 16.7737362 1.94626398 70.864816
v 16.6088449 2.50224202 70.7287868
v 16.4605213 1.76223147 70.4415851
v 16.8306532 1.39743125 70.984646
v 16.8350041 0.997583089 71.0787245
v 16.5645628 0.905989666 70.6902739
v 16.812235 0.636732674 71.148872
v 16.2410661 3.07707761 70.6278131
v 15.7323353 3.58412079 70.5667318
v 15.9722165 2.79765796 70.1824624
v 14.9218105 3.94592326 70.6282321
v 14.0841541 4.13922512 70.6926049
v 14.8046709 3.5796526 70.10874
v 13.2149047 4.00167203 70.7833027
v 12.4518646 3.71697559 70.8657573
v 13.3407641 3.62326348 70.1859294
v 11.7808817 3.2574177 71.0018492
v 11.2671597 2.74460923 71.1547305
v 12.0971775 2.96545585 70.3812042
v 10.9968382 2.14216505 71.2630912
v 10.8470115 1.59294103 71.3433613
v 11.3879569 1.99080232 70.6322035
v 10.80544 1.13527753 71.3838065
v 10.7989468 0.734434395 71.4115086
v 11.247279 1.0697148 70.7344039
v 16.0308843 1.61877305 70.0759314
v 15.9209177 2.05433398 69.96184
v 15.626088 1.51019559 69.7919548
v 16.1072857 1.1753916 70.2135734
v 16.1452003 0.839509483 70.3253307
v 15.6909281 0.794990456 70.0058063
v 16.1497864 0.538391469 70.411502
v 16.1467553 0.273438595 70.464987
v 15.7145855 0.247647258 70.1593791
v 16.1402701 0.00804778361 70.4890842
v 16.5484952 0.291571913 70.8210359
v 15.6250884 2.50776241 69.8478732
v 15.2227505 2.84112155 69.7570547
v 15.2970346 2.14733949 69.5949373
v 14.6204539 3.10442851 69.7452151
v 14.0792714 3.21430905 69.7498239
v 14.5814185 2.55750305 69.4923452
v 13.4781607 3.09946963 69.7651274
v 12.9856592 2.92382572 69.7772456
v 13.7189246 2.6001514 69.429119
v 12.4892876 2.58983943 69.8917971
v 12.0947603 2.26287375 70.0042277
v 12.8036862 2.23100915 69.5183013
v 11.91686 1.80649284 70.0779204
v 11.9116744 1.36378314 70.09372
v 12.548121 1.73141364 69.5888839
v 11.9271198 0.977990704 70.1224761
v 11.9631542 0.631056249 70.1689551
v 12.6402597 0.953841097 69.6413552
v 15.3152157 0.87836342 69.8078439
v 15.3379262 0.559594285 69.9094408
v 15.2954113 1.26668686 69.6994399
v 14.9723512 1.05139568 69.6481793
v 15.3515479 0.256951184 69.9930663
v 15.0021877 0.388705546 69.8326209
v 15.3507583 -0.0177456864 70.0203995
v 14.5803438 2.08263997 69.4478143
v 14.2050923 2.1580371 69.370987
v 14.5303333 1.63204662 69.4263774
v 14.9627079 1.99703205 69.4909717
v 13.8166514 2.12319721 69.3233659
v 13.429806 1.95593994 69.3405051
v 13.8509582 1.6607474 69.3450824
v 13.022229 1.87807944 69.3970729
v 13.0655377 1.45145407 69.4212367
v 13.1149078 1.07127734 69.4844641
v 13.1519708 0.674939874 69.5677957
v 13.5068404 1.07070123 69.4645194
v 14.6283379 1.15546618 69.5113774
v 14.7138285 0.729648634 69.6414996
v 14.2618533 1.30845087 69.4074208
v 14.6631466 0.381322795 69.7144429
v 14.3226536 0.317042945 69.6412689
v 14.6760151 0.0123815982 69.783802
v 13.9455715 0.386633816 69.6041856
v 13.95844 0.00707057816 69.6735448
v 13.8437398 0.762033847 69.5155544
v 13.5601835 0.363899378 69.6241446
v 13.8848748 1.20395917 69.4186869
v 20.10046 -1.63432337 84.3484502
v 20.0127298 -2.05673045 83.9681028
v 19.6569629 -1.63125634 84.5099291
v 20.0954475 -1.145528 84.6789936
v 20.5676969 -1.63431611 84.1847412
v 20.1861168 -1.56850612 80.240649
v 20.1961793 -1.09369113 79.9340021
v 19.7069109 -1.55481743 80.4132834
v 20.1733145 -1.99094645 80.6282613
v 20.6854255 -1.57775888 80.0774701
v 20.1598361 -2.30003819 81.1228859
v 19.685756 -2.28534728 81.2895214
v 20.144722 -2.52229929 81.6683833
v 20.6537513 -2.308589 80.9621718
v 20.1326994 -2.58944835 82.2601662
v 19.6672958 -2.57894671 82.4231473
v 20.2101696 -2.55328434 82.8239749
v 20.6136014 -2.59718962 82.2164025
v 21.0994113 -2.34815185 83.1042206
v 21.0825699 -2.05326703 83.6178268
v 21.6269341 -2.3382895 82.964535
v 21.0125739 -2.55183305 82.572105
v 20.5890277 -2.40340463 83.1492673
v 21.0710524 -1.6290272 84.0275345
v 21.0607428 -1.14118202 84.3552717
v 21.5919399 -1.62219416 83.8818703
v 21.2158742 -1.57579549 79.9415545
v 21.1990562 -1.99692908 80.3270869
v 21.7635557 -1.56723418 79.8281869
v 21.228931 -1.09889624 79.6335097
v 21.179756 -2.3040979 80.8217311
v 21.2602878 -2.52265371 81.3347807
v 21.7224676 -2.2927692 80.6994985
v 21.1330083 -2.58845076 81.9484925
v 21.6766483 -2.57412466 81.703083
v 22.1800066 -2.32348445 82.8622239
v 22.155351 -2.03199437 83.3669161
v 22.7439112 -2.31173266 82.7829074
v 22.2051227 -2.5229549 82.3115852
v 22.1375293 -1.61160727 83.7703202
v 22.1220033 -1.12845011 84.0921135
v 22.6934231 -1.60475273 83.6839755
v 22.3376362 -1.5535663 79.7661042
v 22.3165375 -1.96944331 80.1399638
v 22.926631 -1.53725157 79.7240707
v 22.3537859 -1.08161865 79.4659499
v 22.2915587 -2.27442817 80.6237327
v 22.2629326 -2.49441376 81.1524107
v 22.8741719 -2.25598562 80.5678518
v 22.2348541 -2.55899639 81.7313075
v 22.8084766 -2.54301051 81.6623488
v 23.3249071 -2.30922409 82.7540643
v 23.2891566 -2.02161325 83.2549315
v 23.9098279 -2.31407384 82.7421689
v 23.3606632 -2.5044466 82.2110245
v 23.2631502 -1.60519661 83.6538388
v 23.2402749 -1.12398952 83.9745595
v 23.8353447 -1.60978354 83.6450469
v 23.5401236 -1.52750057 79.7135507
v 23.5127146 -1.94014311 80.0786803
v 24.1666951 -1.51717448 79.7117711
v 23.5605221 -1.06065276 79.423423
v 23.4798878 -2.24497883 80.5503404
v 23.4410989 -2.46733242 81.0695127
v 24.0959377 -2.23663973 80.5411126
v 23.4025747 -2.5355486 81.6378896
v 24.0035603 -2.53491353 81.6248641
v 24.504449 -2.32809727 82.7329378
v 24.4505983 -2.03947171 83.2406605
v 25.0935971 -2.34026494 82.7264811
v 24.5578121 -2.51944651 82.1859842
v 24.4116149 -1.62043856 83.6443652
v 24.3772291 -1.1330072 83.9708069
v 24.9807561 -1.62585428 83.6463076
v 24.8171063 -1.50227331 79.7063943
v 24.779513 -1.91728727 80.0597652
v 25.4771132 -1.48013927 79.6990236
v 24.8443804 -1.03869567 79.4238519
v 24.7334999 -2.22828159 80.5242866
v 24.6771432 -2.46360595 81.0399932
v 25.3763624 -2.21655802 80.5049117
v 24.6208196 -2.54133412 81.6075921
v 25.2374027 -2.54699154 81.5908234
v 25.680596 -2.34125851 82.7109058
v 25.5988022 -2.04751647 83.2257945
v 26.2468669 -2.34209144 82.6951362
v 25.7630097 -2.52954429 82.1544091
v 25.5400156 -1.62011428 83.6358259
v 25.4887554 -1.12298011 83.9647026
v 26.0786286 -1.60336491 83.6203763
v 26.1558261 -1.43535107 79.7002799
v 26.1041558 -1.84952855 80.0293503
v 26.8394332 -1.40669235 79.633405
v 26.1928188 -0.980702599 79.4363408
v 26.0364614 -2.17586586 80.4837323
v 25.950328 -2.43590244 80.9930322
v 26.6950959 -2.15762645 80.4282224
v 25.8629134 -2.53245753 81.5660651
v 26.4755705 -2.53040922 81.5339364
v 26.7895553 -2.38359255 82.6911253
v 26.671818 -2.04268086 83.2065478
v 27.2326706 -2.45975226 82.7176077
v 26.9175994 -2.59051908 82.112049
v 26.5871118 -1.58426374 83.6163924
v 26.5150212 -1.0574073 83.9367755
v 27.0043154 -1.58995101 83.6676229
v 27.535756 -1.35682993 79.5215479
v 27.4697671 -1.7946295 79.8209457
v 28.1318851 -1.15307226 79.6330164
v 27.5823216 -0.899230363 79.2823611
v 27.367855 -2.17227481 80.2953366
v 27.2293759 -2.47973693 80.8464223
v 27.9262673 -2.024188 80.281161
v 27.0857429 -2.59726061 81.4731081
v 27.5717562 -2.63713486 81.4445018
v 27.4413146 -2.43433537 82.754711
v 27.3025047 -2.06495992 83.2796554
v 27.56255 -2.38834288 82.785661
v 27.597976 -2.65348543 82.1504907
v 27.1975246 -1.55944445 83.6944555
v 27.1112635 -1.01957118 84.0057247
v 27.3086148 -1.53775926 83.7116657
v 27.064493 -0.499483014 84.181595
v 27.0409018 0.00574742482 84.2524666
v 27.1689931 -0.494945067 84.1952566
v 26.8819672 -0.509954945 84.1652824
v 28.4128947 -1.07292758 79.6948402
v 28.3360365 -1.47084641 79.9127197
v 28.5800988 -1.08850909 79.7829863
v 28.4658024 -0.67235062 79.5449588
v 28.1902623 -1.91557557 80.3149977
v 27.9987549 -2.35272427 80.8440115
v 28.3449042 -1.86777445 80.3901485
v 27.7936787 -2.59216817 81.4875013
v 27.9244465 -2.53027999 81.5414967
v 27.6570509 -2.32618453 82.8065589
v 27.5132159 -1.99191431 83.3059144
v 27.7422731 -2.27233719 82.8054346
v 27.8224086 -2.53071169 82.228723
v 27.4008658 -1.50865613 83.7071699
v 27.3113386 -0.98827699 84.0149158
v 27.4867726 -1.49078385 83.6914251
v 28.7470246 -1.02055086 79.8331745
v 28.6398745 -1.4110787 80.0444374
v 28.8751058 -0.937599213 79.8491941
v 28.7735769 -0.631227072 79.6704933
v 28.4872226 -1.86547299 80.4839743
v 28.2449745 -2.26242604 80.9708981
v 28.5919364 -1.85384171 80.5308525
v 28.023262 -2.47564272 81.5836039
v 28.1128101 -2.41092621 81.614009
v 27.8227814 -2.23240313 82.8110248
v 27.6795949 -1.93767592 83.2892183
v 27.8950727 -2.24334918 82.7970705
v 27.9917656 -2.41198692 82.2665034
v 29.007257 -0.925883011 79.888706
v 29.0946966 -1.00368723 79.9445821
v 29.2120773 -0.599082632 79.805976
v 27.5675258 -1.48265229 83.6843105
v 27.4770443 -0.975224155 83.9969256
v 27.634076 -1.50563447 83.6850093
v 28.6883852 -1.84644336 80.5421498
v 28.4321424 -2.19708946 81.0248453
v 28.7756674 -1.87065205 80.5347543
v 28.9310699 -1.43640075 80.1549672
v 28.2049588 -2.36803877 81.631216
v 28.2352492 -2.37803265 81.7655349
v 14.6136662 -2.04735614 69.3922552
v 14.9685086 -1.90220204 69.4825411
v 14.6105138 -1.60172943 69.4291851
v 14.2170669 -2.15266137 69.3661237
v 14.6605227 -2.51973502 69.4672681
v 27.9405507 -2.36983327 82.7683614
v 27.7826545 -2.0727453 83.2995923
v 27.9945921 -2.48906207 82.7854475
v 28.1052985 -2.5010214 82.2373109
v 28.9819961 -0.614225489 79.7433116
v 27.6592576 -1.61000112 83.7261394
v 27.550369 -1.07398662 84.0855075
v 27.6879617 -1.69611775 83.8095717
v 28.8395204 -1.98286359 80.4704251
v 28.6206758 -2.32259497 80.9228641
v 28.9010803 -2.14533818 80.4614577
v 29.095305 -1.56270391 80.0951909
v 28.1346477 -2.49582066 82.8024544
v 27.9550579 -2.20246586 83.385857
v 28.3163263 -2.46884387 82.8244283
v 28.3384971 -2.65849081 82.1866315
v 28.3408814 -2.48282155 81.5889511
v 28.4997427 -2.54587885 81.3632646
v 29.1117075 -2.06058332 80.3351048
v 29.3460643 -1.86132222 80.1979052
v 28.8470772 -2.39332843 80.8177853
v 29.336519 -1.03914958 79.9223995
v 27.8127104 -1.71928684 83.8628041
v 27.7036616 -1.15707195 84.2444585
v 27.9979627 -1.69494847 83.8771257
v 28.6095774 -2.5677678 81.4774501
v 28.7960578 -2.55443964 81.4856738
v 29.7878421 -0.944721275 79.8013241
v 29.9812904 -0.79913675 79.7750324
v 29.8494724 -0.531963627 79.754718
v 29.6510118 -1.4068591 79.9118936
v 29.2093401 -1.00586254 79.945703
v 29.4859827 -0.59527544 79.8193349
v 28.5683154 -2.3704718 82.7961536
v 28.392313 -2.07168482 83.3582667
v 28.8516161 -2.27734557 82.755353
v 28.7730446 -2.55027395 82.1796563
v 29.116162 1.98124423 80.2987536
v 29.3045326 1.92974882 80.2771135
v 29.7809729 0.94261945 79.764286
v 29.6868653 1.39427675 79.9016555
v 29.811423 0.543572732 79.7530742
v 28.2606703 -1.60271082 83.7878592
v 28.1662154 -1.08821331 84.0796194
v 28.5601267 -1.5306998 83.6354957
v 29.5039361 -1.87336615 80.2814748
v 29.2883508 -2.28813344 80.7953463
v 29.7211775 -1.80383974 80.2994566
v 29.0218802 -2.49792016 81.4818822
v 29.2803151 -2.41383138 81.466741
v 29.8956616 -0.230480182 79.7412
v 29.7142102 -0.325081328 79.7756932
v 30.0432884 -0.174724524 79.7154571
v 29.9363697 -9.57733005e-05 79.7281527
v 29.1487554 -2.19952148 82.7103867
v 28.9895593 -1.90881888 83.216263
v 29.4566142 -2.12023781 82.6557039
v 29.3338906 -2.37776056 82.1180113
v 28.8746854 -1.47336815 83.5384931
v 28.7910182 -0.995977471 83.7716808
v 29.2007841 -1.42699805 83.4607136
v 29.9398459 -1.74144246 80.3470285
v 29.7608371 -2.13477352 80.8311051
v 30.1667809 -1.66725453 80.4086335
v 30.0871738 -1.27979792 79.9804937
v 29.5396358 -2.33139729 81.47218
v 29.8138344 -2.232568 81.471936
v 30.1440416 -0.848002422 79.8239613
v 30.3365476 -0.808881051 79.8949441
v 30.1799531 -0.459082854 79.7656696
v 29.7640713 -2.01516891 82.6120136
v 29.6330729 -1.75715891 83.0720995
v 30.0755303 -1.89043717 82.5486303
v 29.9188179 -2.16779463 82.0718219
v 29.5369957 -1.35906737 83.3782052
v 29.4715644 -0.922339532 83.6178925
v 29.8837881 -1.27652955 83.2787241
v 29.4419546 -0.456163967 83.7725005
v 29.4325506 0.00774319018 83.8443984
v 29.8057203 -0.42929757 83.6641103
v 29.0888133 -0.480672743 83.8473269
v 30.3794372 -1.59032832 80.5055281
v 30.2429652 -1.94327218 80.9513667
v 30.599548 -1.48990673 80.6244341
v 30.4934234 -1.16852386 80.1553301
v 30.0739097 -2.11983268 81.5153193
v 30.3423905 -1.98698784 81.5475203
v 30.5220767 -0.772557051 79.9921421
v 30.7137002 -0.72417477 80.1239808
v 30.5251796 -0.412823703 79.9185179
v 30.3635331 -1.72312252 82.4890492
v 30.2904926 -1.49036337 82.8506526
v 30.652727 -1.54189042 82.3811449
v 30.4720986 -1.86282045 82.0488857
v 30.2320113 -1.14389186 83.1291809
v 30.2011058 -0.777320689 83.3521855
v 30.5897093 -1.00112868 82.9293224
v 30.1866677 -0.374789331 83.4894951
v 30.1849942 0.0157168551 83.5460095
v 30.5607012 -0.326040381 83.2603275
v 30.8045537 -1.37196644 80.7892521
v 30.6993262 -1.67650236 81.1580153
v 30.9985542 -1.23229126 80.9572057
v 30.8902971 -1.00690254 80.4694313
v 30.5797071 -1.82611743 81.6140618
v 30.8189024 -1.63355971 81.6503181
v 30.9094216 -0.671567779 80.3150836
v 31.0902133 -0.594427722 80.5259248
v 30.9021816 -0.355714839 80.2319849
v 30.8845595 -1.33434192 82.2577497
v 30.9121583 -1.08191056 82.4391724
v 31.1264849 -1.107194 82.0220982
v 30.9278809 -1.47026991 81.9815282
v 30.9065562 -0.793003696 82.6469578
v 30.8851919 -0.531874301 82.8383044
v 31.1641589 -0.608592868 82.3631175
v 31.1657228 -1.08333012 81.180791
v 31.1134404 -1.2858924 81.4007438
v 31.3208502 -0.879546478 81.3743599
v 31.2246412 -0.794499165 80.9361288
v 31.0295592 -1.40461855 81.7068076
v 31.1676989 -1.21044607 81.7566567
v 31.2328566 -0.531159908 80.7695653
v 31.3472859 -0.435793226 81.0327681
v 31.2265895 -0.281274578 80.6824322
v 31.4138442 -0.443230548 81.3510946
v 31.3948693 -0.558382615 81.5117513
v 31.4214726 -0.369264883 81.6014406
v 31.2755833 -0.927086079 81.8090485
v 31.2950818 -0.428235898 82.1848383
v 31.2876941 -0.305843218 82.318276
v 31.392301 -0.307439502 82.030566
v 31.3065778 -0.634726881 81.9927105
v 31.3959928 -0.319847639 81.2280822
v 31.4503704 -0.213067491 81.372356
v 31.3945899 -0.148000985 81.0910168
v 29.5039361 1.87326894 80.2813552
v 31.3605659 -0.177640917 81.944006
v 31.3122972 -0.111102407 82.0408623
v 31.1874849 -0.0625971582 81.8814513
v 31.4234605 -0.25250808 81.8057162
v 31.2746482 1.89805529e-06 82.1026257
v 31.3485586 -0.101919605 82.2031277
v 31.4310292 -0.215279819 81.5797877
v 31.2808588 -0.0716221106 81.5393925
v 19.2489098 -2.33459105 83.7196372
v 19.2411869 -2.5338343 83.1680561
v 18.8570856 -2.32632665 83.8590348
v 19.2533229 -2.04235741 84.2355528
v 19.6566364 -2.2954259 83.6854817
v 19.2592715 -1.62554454 84.6564208
v 18.8857999 -1.6170819 84.7892996
v 19.2613568 -1.14043391 84.9922684
v 19.2624359 -0.585178868 85.1833159
v 18.8980464 -0.583598376 85.3247915
v 19.2624462 -0.00378740613 85.2641062
v 19.6552553 -0.584815241 85.0257145
v 19.2629113 -1.53214871 80.5826251
v 19.2697087 -1.06524634 80.286929
v 18.8406419 -1.50838974 80.7447729
v 19.2547306 -1.9510176 80.9628321
v 19.2484223 -2.26489343 81.4485508
v 18.8324179 -2.24264532 81.5971378
v 19.2419613 -2.49098411 81.9889169
v 19.2417373 -2.56710591 82.5773373
v 18.8369591 -2.55375569 82.718445
v 18.4996034 -2.32350035 83.9771148
v 18.4828641 -2.52191806 83.4181543
v 18.1571039 -2.32619438 84.0843228
v 18.5212034 -2.02731478 84.4868008
v 18.5494467 -1.61393205 84.9117818
v 18.2200141 -1.61313977 85.0299102
v 18.565894 -1.1342724 85.2532756
v 18.5750442 -0.584395921 85.4459651
v 18.2664159 -0.585581017 85.5696287
v 18.5764034 -0.00712268548 85.533091
v 18.4527941 -1.48041522 80.8742036
v 18.4561668 -1.02178859 80.5971731
v 18.0887984 -1.45162697 80.9687219
v 18.4500806 -1.89722088 81.2396087
v 18.452587 -2.22608162 81.7110236
v 18.0906166 -2.2068244 81.7872894
v 18.4567983 -2.46209424 82.2424688
v 18.4704011 -2.54955764 82.826045
v 18.1139291 -2.55422818 82.9105517
v 17.8229175 -2.34172084 84.1860591
v 17.7914702 -2.55559297 83.56726
v 17.4766097 -2.43527782 84.1198777
v 17.8560335 -2.03265833 84.7268114
v 17.9031608 -1.61627334 85.1544601
v 17.5772047 -1.62224846 85.2978422
v 17.942947 -1.13576776 85.5001618
v 17.9667387 -0.587788536 85.7031973
v 17.6511326 -0.588055761 85.8383872
v 17.9732593 -0.0109955342 85.7838571
v 17.7621531 -1.41919524 80.9797979
v 17.7637841 -0.965295511 80.7304653
v 17.444123 -1.37287964 80.924509
v 17.7598925 -1.84078099 81.3241712
v 17.7583271 -2.19483664 81.7797578
v 17.4442252 -2.18056218 81.7186609
v 17.7624385 -2.45864237 82.3171947
v 17.7703145 -2.57757003 82.9409615
v 17.1300625 -2.6314116 83.7728963
v 17.2297113 -1.62402551 85.4604205
v 17.0985889 -2.04110246 85.0070311
v 16.823772 -1.70360627 85.5111042
v 17.2775985 -1.1398603 85.8079547
v 17.2980976 -0.586840438 85.9932078
v 16.9057707 -0.587758067 86.1447979
v 17.3104698 -0.00830553643 86.0801312
v 17.1069182 -1.28897889 80.780969
v 17.0885177 -0.83236156 80.6695628
v 16.7584166 -1.09547648 80.6045469
v 17.1188352 -1.73975799 81.0759615
v 17.1288266 -2.1634361 81.5646297
v 16.793096 -2.07656684 81.1972642
v 14.958034 -2.09350395 85.3465357
v 15.6461898 -2.20997976 85.1048365
v 14.9190041 -2.36441157 84.9599215
v 14.2203763 -2.0534158 85.530174
v 15.0362684 -1.8337995 85.6692459
v 15.1041247 -1.48441413 85.9506921
v 15.8157854 -1.53188641 85.8821554
v 14.2578125 -1.45320075 85.9340991
v 14.8769819 -1.04629255 86.0588117
v 15.6736622 3.11675348 81.0141086
v 15.2424371 3.09141339 81.436741
v 15.9913367 3.05866798 80.6965822
v 14.9111429 -2.63406667 84.5221871
v 15.5844245 -2.73804035 84.1759863
v 14.8838253 -2.81071914 84.0529764
v 14.174336 -2.52697349 84.81427
v 16.2347117 -2.29971974 84.8520448
v 16.2836881 -1.96589672 85.32801
v 16.7454819 -2.36251645 84.5641188
v 16.2057885 -2.59216871 84.29692
v 16.3575081 -1.56671515 85.7575026
v 16.3192913 -1.11794328 86.1055482
v 16.0310401 -3.04037092 82.7111275
v 15.4946033 -2.99473245 83.1026936
v 16.1194006 -2.95646068 83.316763
v 16.3833017 -2.99958876 82.4154176
v 15.865138 -3.0734436 82.0017928
v 16.5972855 -2.88164778 82.3531254
v 16.5199037 -2.79453655 81.7091584
v 16.1711555 -2.81097742 83.7992996
v 16.4469215 -1.93466458 80.544278
v 16.3866906 -1.51939825 80.2062265
v 16.2248401 -1.84079053 79.7447706
v 16.4540465 -2.3415449 80.8813688
v 16.4583848 -1.13069661 80.2443555
v 16.2216179 -1.13882744 79.5643879
v 16.4959505 -0.716310522 80.3263882
v 16.3963902 -2.67668105 80.9391339
v 16.1797894 -2.59342517 79.9618007
v 16.202509 -2.91485885 80.7863572
v 15.6770819 -3.10276033 81.1463544
v 15.2762517 -3.07737412 81.6816846
v 15.9488254 -3.06325839 80.5107671
v 15.5402932 -3.1870107 80.0142793
v 15.9251168 -3.05842423 79.7039955
v 16.1663572 -0.97656919 78.3410634
v 16.1524287 -0.617988223 78.2945199
v 16.2058688 -0.943779551 76.9958349
v 16.1933667 -1.38058288 78.392019
v 16.2582062 -1.80314558 78.4821209
v 16.3474736 -1.78230602 77.1380904
v 16.2407297 -2.21696426 78.6072413
v 15.7278791 -3.23337869 78.6766375
v 16.0306594 -3.00635872 78.6420032
v 15.6463459 -3.46245756 77.4823107
v 15.5505267 -3.31362894 78.8746711
v 15.1473375 -3.3562611 79.1536187
v 14.6357511 -3.43914837 78.2371838
v 14.6912064 -3.18001608 79.7919703
v 14.2382801 -2.91400978 80.5846526
v 13.8748952 -2.77382111 79.9896488
v 13.7813747 -2.62862769 81.4722568
v 14.6857236 -2.97992425 81.3093335
v 16.1490719 -2.66266178 78.6467194
v 16.2772294 -2.73932217 77.2847271
v 16.3918246 -0.94863399 75.9604363
v 16.365821 -0.57663088 75.8850999
v 16.6289084 -0.956343776 75.0764512
v 16.4366278 -1.35682703 76.0349915
v 16.5202106 -1.85520303 76.1081641
v 16.7412287 -1.93320681 75.2227966
v 16.5647902 -2.35069182 76.1934406
v 14.3334478 -3.74063501 77.0798583
v 14.9989632 -3.90010164 76.7714483
v 14.092866 -4.05588171 76.1938697
v 13.7873916 -3.4485696 77.5102315
v 15.5760783 -3.74607012 76.5684018
v 16.137228 -3.3886698 76.3703315
v 15.5855681 -4.00230884 75.7140386
v 16.4144165 -2.8944735 76.2799558
v 16.5786418 -3.07852164 75.3805186
v 11.9408942 -1.22960887 77.5121838
v 12.1304043 -1.68590726 77.5422637
v 11.5107388 -1.26657651 76.6523737
v 11.7897446 -0.794725823 77.4772395
v 12.3045353 -1.16428971 78.4036777
v 12.4034953 -2.15069946 77.5678623
v 12.7666134 -2.61919322 77.5992131
v 11.9511807 -2.24168135 76.670357
v 12.7730516 -2.03452029 78.501388
v 13.2677158 -3.03065793 77.6527699
v 12.7865762 -3.26215517 76.6083766
v 13.5408573 -2.80677012 78.664744
v 16.8569498 -1.00405627 74.3765039
v 16.8054968 -0.616284308 74.2705455
v 17.0387701 -1.05562239 73.71301
v 16.9001263 -1.46416454 74.459657
v 16.9535341 -2.06446471 74.4974064
v 17.1443051 -2.15382926 73.8318456
v 16.9520333 -2.67446285 74.5423056
v 13.867005 -4.33180753 75.2578339
v 14.7330022 -4.51418918 75.0662338
v 13.6943591 -4.57763857 74.3633664
v 13.0448992 -3.9806182 75.4687426
v 15.5463965 -4.29374778 74.8455548
v 16.3240008 -3.89175941 74.6724619
v 15.5559563 -4.54469205 74.0357947
v 16.7220421 -3.32719704 74.5759765
v 16.8493847 -3.50862686 73.8526966
v 11.0433802 -1.26770876 75.8251309
v 11.1739952 -1.74805132 75.814384
v 10.5972575 -1.25613879 74.9954793
v 10.9449463 -0.817508268 75.8164437
v 11.4334113 -2.28126633 75.7869646
v 11.7668226 -2.86446387 75.7045145
v 10.9399565 -2.33149844 74.8780945
v 12.2962887 -3.42686644 75.6108359
v 11.9781441 -3.60681926 74.6516416
v 17.1460086 -1.09747327 73.0634323
v 17.0903523 -0.695420617 73.0507963
v 17.1967674 -1.1190323 72.5022829
v 17.2037114 -1.57272334 73.1261084
v 17.2340782 -2.21213504 73.1170584
v 17.2584659 -2.22576944 72.4370116
v 17.179232 -2.89505287 73.1114093
v 13.5216771 -4.66617071 73.5538594
v 14.4847262 -4.84991223 73.4194712
v 13.3758183 -4.65878525 72.795921
v 12.6032131 -4.28179871 73.6854204
v 15.4680319 -4.62580792 73.2651873
v 16.3599095 -4.21356062 73.1412534
v 15.3746268 -4.61771165 72.5213935
v 16.85192 -3.58421189 73.1127359
v 16.8302003 -3.59164324 72.3756442
v 10.3467854 -1.23863037 74.1828114
v 10.4188547 -1.73594392 74.1259751
v 10.2042584 -1.22219999 73.3935047
v 10.3052372 -0.787854309 74.2084892
v 10.6517735 -2.34784053 74.0271053
v 11.054072 -3.03605608 73.9114322
v 10.517064 -2.38362176 73.2338852
v 11.7666193 -3.70275681 73.7947548
v 11.6218702 -3.72959315 73.0250787
v 17.0618103 -0.337365778 72.0467935
v 17.0438805 0.00452941226 72.061953
v 16.9557874 -0.322750832 71.5801748
v 17.0919392 -0.697115767 72.0210513
v 17.1126992 -0.352150769 72.5429825
v 17.1303369 -1.09119117 71.96994
v 17.0124083 -1.04313356 71.4814769
v 17.1635254 -1.54940384 71.9181455
v 17.1421008 -2.15231077 71.8318339
v 16.983142 -2.05299864 71.2948009
v 17.0506974 -2.81907733 71.7583734
v 13.2834249 -4.53624732 72.0915057
v 14.2560126 -4.68406028 71.9615563
v 13.2511649 -4.32302538 71.4012557
v 12.3715064 -4.19240378 72.2192023
v 15.268054 -4.46368513 71.8196382
v 16.1466791 -4.06263453 71.7105281
v 15.1358697 -4.23497661 71.1555554
v 16.6940564 -3.45990964 71.7002218
v 16.5048104 -3.28910362 71.1069215
v 10.2821542 -1.2233084 72.6970204
v 10.3498062 -1.72987538 72.6484713
v 10.4776433 -1.21689196 72.0428853
v 10.2770241 -0.776362273 72.7370707
v 10.5825814 -2.38592905 72.5551988
v 10.9300782 -3.0573536 72.4582731
v 10.7163624 -2.33572906 71.9183145
v 11.6022722 -3.67911507 72.3541652
v 11.6340195 -3.53795225 71.6837821
v 16.8150029 -0.955058506 71.065009
v 16.8021827 -0.613299121 71.1416304
v 16.5526357 -0.883436258 70.6846156
v 16.8143986 -1.36149893 70.9709521
v 16.7428898 -1.87638252 70.835694
v 16.4675559 -1.71328696 70.4448595
v 16.6109178 -2.46505856 70.7113595
v 13.3504348 -4.02358315 70.7337853
v 14.1664963 -4.1386707 70.6557281
v 13.448246 -3.65756059 70.1515395
v 12.5217081 -3.74064395 70.8534822
v 15.0438635 -3.92227105 70.5623914
v 15.7832859 -3.56170947 70.5375665
v 14.9121398 -3.54560353 70.0803762
v 16.2783969 -3.03063704 70.6024189
v 16.0018735 -2.73445448 70.1741617
v 10.805393 -1.1740746 71.3860665
v 10.8536471 -1.63021504 71.3441801
v 11.2602113 -1.09305985 70.7420485
v 10.8009725 -0.754166167 71.4086317
v 11.0176428 -2.21996631 71.2633923
v 11.3003286 -2.78615021 71.1583809
v 11.4387241 -2.03780957 70.6114286
v 11.8638363 -3.3095605 71.0129673
v 12.1511959 -3.02825587 70.3706604
v 16.1278912 -0.811479987 70.3213458
v 16.1424324 -0.521235366 70.4091937
v 15.6875521 -0.814165689 70.0019889
v 16.1186478 -1.13982598 70.2248835
v 16.0837362 -1.53554364 70.1152966
v 15.6473882 -1.40963178 69.8235674
v 15.9555364 -1.97936948 69.9742411
v 13.6788558 -3.18484024 69.7070661
v 14.21188 -3.21511156 69.7239469
v 13.7844037 -2.63333947 69.4234559
v 13.0773159 -2.99724098 69.7445871
v 14.8345856 -3.02156373 69.7223279
v 15.3089257 -2.76627358 69.7495554
v 15.6805306 -2.356485 69.8473013
v 15.3719213 -2.04370601 69.6178904
v 11.986634 -0.336172703 70.2333023
v 11.976188 -0.654211495 70.188025
v 12.7108598 -0.298120013 69.7815671
v 11.9956965 -0.0123613727 70.2343192
v 11.2660208 -0.355617596 70.7855757
v 11.9676217 -1.01221935 70.1441299
v 11.9687383 -1.39686145 70.0797709
v 12.6493693 -0.941605524 69.653962
v 12.0548655 -1.87573749 70.0126311
v 12.1663769 -2.33114007 69.9692586
v 12.5823749 -1.83704677 69.5706789
v 12.5753134 -2.73414123 69.8476959
v 12.911796 -2.31957218 69.4847935
v 15.3219638 -0.966374591 69.7998871
v 15.3371108 -0.605326622 69.8980001
v 14.9777161 -0.996566412 69.6679018
v 15.3639883 -1.24914027 69.7297309
v 13.8207881 -2.14166003 69.3637116
v 13.9285306 -1.6752307 69.3547598
v 13.4240052 -2.05076528 69.3489358
v 15.2832755 -1.66456598 69.6083181
v 15.2832755 1.66456384 69.6083181
v 13.1029027 -0.998770842 69.5022469
v 13.1395702 -1.46528379 69.4146444
v 13.495677 -1.135639 69.4516625
v 13.1500229 -0.63798075 69.5781116
v 13.022229 -1.87807268 69.3970729
v 14.6283379 -1.1554683 69.5113774
v 14.6487095 -0.729698232 69.6193766
v 14.2618533 -1.30845299 69.4074208
v 13.8848748 -1.20396129 69.4186869
v 13.9181281 -0.762083441 69.5150351
v 31.1019707 -8.75325103e-08 81.8425772
v 31.123269 -0.037884764 81.7347833
v 31.1757069 9.82271217e-05 81.5729219
v 20.1063371 -2.35056327 83.4183038
v 31.3573094 -0.725442178 81.6651614
v 28.1659147 1.95551014 80.3354214
v 16.8742911 2.76931065 83.3902046
v 20.0917583 0.584590003 84.8602777
v 20.0917355 0.000237702744 84.941973
v 19.6543358 0.582389768 85.0229766
v 20.5556467 0.586003918 84.6950675
v 21.0543425 0.58621101 84.5343268
v 21.5721104 0.584016933 84.3854183
v 21.0527271 0.00390734393 84.615754
v 21.2357855 0.547966598 79.4648028
v 21.2395401 -0.0130964542 79.3124824
v 21.7861585 0.547022327 79.3568596
v 22.1126402 0.582461108 84.2672662
v 22.6644388 0.578317522 84.1793245
v 22.10979 0.00673306169 84.3477286
v 22.3621513 0.54076503 79.3004966
v 22.3667339 -0.00709013261 79.15149
v 23.2264149 0.578208925 84.1507939
v 23.7922516 0.580051166 84.1448903
v 23.2222206 0.00729334117 84.2294537
v 24.3563841 0.582672713 84.1516378
v 24.3501706 0.009244646 84.2308658
v 24.8576577 0.52883069 79.267948
v 24.865491 0.0100288538 79.1229184
v 25.5261884 0.518250537 79.2759236
v 26.2107531 0.487925158 79.2892934
v 26.2203902 0.00910896443 79.0794027
v 26.9041422 0.47014169 79.222977
v 26.4720512 0.557371695 84.1139548
v 26.8788209 0.531396822 84.164259
v 26.4583021 0.0200353776 84.1931118
v 27.6051867 0.400445292 79.1344991
v 27.6146884 -0.0189793679 78.9336752
v 28.2063044 0.337599698 79.3685906
v 27.0601415 0.517134547 84.177075
v 27.1677506 0.504774777 84.1927815
v 28.4901267 0.316926636 79.4641175
v 28.5060029 -0.00471931202 79.3950354
v 27.2610005 0.498955353 84.1810427
v 27.3458148 0.48874122 84.169832
v 27.2374094 0.00413266354 84.2542115
v 29.2812017 0.281527548 79.7392733
v 29.3244227 -0.00202193265 79.721622
v 29.4168279 0.280570802 79.7704407
v 29.1599433 0.287261598 79.7054008
v 27.4221516 0.485466685 84.1709267
v 27.4816071 0.483403609 84.1972093
v 27.399025 0.000585916863 84.2429125
v 29.5709718 0.283109588 79.7748359
v 29.6037501 0.000903081301 79.774365
v 29.7280267 0.270663829 79.7710187
v 29.0419239 0.290899653 79.6693761
v 29.0967988 -0.000144702356 79.6409103
v 27.4890115 0.498864313 84.291653
v 27.5159587 0.554175855 84.3877301
v 27.4627421 -0.0186598985 84.3678613
v 27.6529889 0.574663041 84.4468049
v 27.8454946 0.57888017 84.4352601
v 27.6259375 -0.00232027141 84.5411234
v 29.8956616 0.230290837 79.7411554
v 29.9363697 -9.57733005e-05 79.7281527
v 30.0471313 0.212882488 79.7146398
v 28.1186109 0.562932431 84.2467679
v 28.4262645 0.53121056 84.0444028
v 28.0983183 0.00753414191 84.3391742
v 28.756057 0.514013986 83.9254811
v 29.092377 0.494787783 83.8452656
v 28.7355052 0.00635584217 84.0038661
v 30.1982186 0.199437273 79.747705
v 30.1861971 -0.00402983056 79.7490362
v 29.4453289 0.480549492 83.7659286
v 29.8092701 0.452898379 83.6575011
v 30.1943983 0.423853895 83.4744922
v 30.5629619 0.37038675 83.2484854
v 30.8845558 0.14467633 80.2127249
v 30.8754488 -0.00637938976 80.2069188
v 31.0711401 0.131601576 80.4230995
v 30.8768936 0.324659585 82.9221649
v 31.1374045 0.23501076 82.6082416
v 30.8752276 0.0286555017 82.9778553
v 31.2141687 0.110673537 80.6566105
v 31.2084112 -0.00668823117 80.650166
v 31.3290906 0.0837304564 80.88864
v 31.4048855 0.28771337 81.1700262
v 31.4100716 0.117616801 81.110481
v 31.4454167 0.169140048 81.3443678
v 31.3948854 0.000100212709 81.0565844
v 31.3021962 0.190809471 82.3779952
v 31.3642746 0.142167632 82.1926415
v 31.3027963 0.0155513385 82.4107983
v 31.4265133 0.215329239 81.5797876
v 31.4056457 0.227827443 81.789203
v 31.2748873 0.0718185644 81.5393925
v 31.3730981 0.189980472 81.924037
v 31.1904066 0.0757231902 81.8551106
v 31.3404213 0.139742413 82.050992
v 19.26119 0.578837347 85.1752854
v 18.8959704 0.57642955 85.3238372
v 18.570095 0.575127155 85.450964
v 18.262357 0.573900672 85.5682863
v 17.9601169 0.574081552 85.6946661
v 17.6517885 0.576742759 85.8415833
v 17.3056577 0.581670156 86.0106912
v 16.9077556 0.45369722 86.1768782
v 17.0434732 0.399886722 80.6937608
v 16.7025728 0.338004381 80.5954113
v 17.0644442 0.0080110499 80.6363059
v 16.4228589 0.58242026 86.2329185
v 16.5398023 -0.00630985945 86.2809805
v 16.4430754 0.310863375 80.196321
v 16.435038 -0.0109738305 80.2546393
v 12.4531969 0.249952788 79.3062546
v 12.4357145 0.654559143 79.1105257
v 12.7185632 0.160421462 80.2444554
v 12.4876462 -0.0157424625 79.3806639
v 10.9016728 0.378182253 75.803496
v 10.9084554 -0.0288228859 75.8032427
v 10.5195264 0.375493507 75.0074138
v 17.0546471 0.325636384 73.0647437
v 17.1107026 0.349123585 72.550568
v 17.0429637 -0.00770874209 73.0561708
v 10.3007411 0.367457424 74.2124613
v 10.3047106 -0.0161998887 74.216648
v 17.0617157 0.351905412 72.055121
v 16.9594157 0.337120262 71.585694
v 17.0438805 0.00452941226 72.061953
v 16.793456 0.322505315 71.1918794
v 16.7755263 0.00969155854 71.2070388
v 10.8027387 0.355372074 71.4300447
v 10.8118011 -0.00747749629 71.4310616
v 11.2638936 0.335927183 70.7770273
v 11.9863635 0.297874496 70.1953017
v 11.9956965 -0.0123613727 70.2343192
v 12.7088835 0.299539843 69.7647881
v 13.1735027 0.34280208 69.6424588
v 13.1887473 0.0136327435 69.6959637
v 31.1182638 0.0379322197 81.7347833
v 31.1019707 -8.75325103e-08 81.8425772
v 31.1757069 9.82271217e-05 81.5729219
v 20.0933439 -0.584776631 84.8606642
v 20.5565491 -0.583064865 84.6954964
v 20.2023843 -0.563241579 79.7666209
v 20.2050871 -0.0155708124 79.6140311
v 19.7216443 -0.558435598 79.9441857
v 20.7040351 -0.5677201 79.6005041
v 21.0555777 -0.579717336 84.5352757
v 21.5729351 -0.576506095 84.3862978
v 21.236437 -0.565976339 79.4663957
v 21.7866191 -0.56110653 79.3585519
v 21.239617 -0.0129369696 79.3124537
v 22.1139843 -0.571241233 84.2690688
v 22.6655139 -0.569276371 84.179719
v 22.3629437 -0.554445973 79.3041565
v 22.9551137 -0.544253159 79.2724405
v 22.3667339 -0.00709013261 79.15149
v 23.228434 -0.569856399 84.1502256
v 23.7938896 -0.570385747 84.1439985
v 23.572051 -0.536915689 79.2664514
v 24.2038124 -0.530756867 79.2693787
v 23.5766336 0.0029446139 79.1171978
v 24.3594889 -0.573423262 84.1494162
v 24.9184837 -0.570297766 84.1552713
v 24.8595898 -0.522690641 79.2736271
v 25.5273826 -0.510677986 79.2813856
v 24.865491 0.0100288538 79.1229184
v 25.4623401 -0.559746015 84.1452798
v 25.9874903 -0.543218678 84.1271621
v 26.2125569 -0.496920431 79.3008627
v 26.9046755 -0.485642005 79.2358577
v 26.2203902 0.00910896443 79.0794027
v 26.4775418 -0.506825343 84.1150802
v 27.6050513 -0.482133683 79.1692686
v 28.2082989 -0.368846977 79.3803045
v 27.6146884 -0.0189793679 78.9336752
v 28.4965013 -0.331332793 79.4677507
v 28.661464 -0.373666878 79.5487828
v 28.5060029 -0.00471931202 79.3950354
v 27.260536 -0.485534253 84.1860134
v 27.346671 -0.483987404 84.1704439
v 28.8007627 -0.301389499 79.5898914
v 28.9268693 -0.297248617 79.6341827
v 28.8489584 -0.000140288014 79.5486681
v 29.2903588 -0.287705385 79.7497312
v 29.416417 -0.281722781 79.7778716
v 29.3244227 -0.00202193265 79.721622
v 29.1737599 -0.233020467 79.6996859
v 27.4252944 -0.483358478 84.1684527
v 27.4828618 -0.501631764 84.1920538
v 29.5605292 -0.28028282 79.7869824
v 29.6037501 0.000903081301 79.774365
v 29.0419239 -0.291177547 79.669695
v 29.0967988 -0.000144702356 79.6409103
v 27.4897935 -0.556955452 84.2788719
v 27.5140481 -0.575607781 84.3851751
v 27.6462301 -0.582867747 84.4525044
v 27.8434169 -0.573493585 84.4388421
v 28.1188701 -0.540387445 84.2528895
v 28.4238624 -0.517891477 84.0463657
v 30.1813424 -0.212153425 79.751649
v 30.3395431 -0.198790307 79.8121859
v 30.1861971 -0.00402983056 79.7490362
v 28.7482835 -0.494028089 83.9256959
v 30.5115781 -0.18967712 79.9019252
v 30.6919387 -0.175602396 80.0218946
v 30.4995565 -0.00434391813 79.9038415
v 30.8878647 -0.164625071 80.2062985
v 31.0732592 -0.144662303 80.4208141
v 30.8754488 -0.00637938976 80.2069188
v 31.2174727 -0.131591645 80.6559048
v 31.3307343 -0.110639733 80.8904744
v 31.2084112 -0.00668823117 80.650166
v 30.8775529 -0.235016693 82.9450344
v 31.1400884 -0.190799459 82.6179541
v 31.3948854 0.000100212709 81.0565844
v 31.3100307 -0.142157623 82.3855053
v 19.2757637 -0.545406845 80.123677
v 19.2749986 -0.0220953558 79.9767572
v 18.8524167 -0.534796408 80.2965596
v 18.4628727 -0.516715932 80.4423395
v 18.4561759 -0.0339974505 80.305787
v 18.0983548 -0.502006423 80.5548443
v 17.7717516 -0.479722276 80.5916011
v 17.7635025 -0.0458201658 80.4854143
v 17.4473662 -0.449597406 80.5990568
v 17.0821681 -0.387859727 80.6188565
v 17.0389717 -0.0394446364 80.6444415
v 16.7115459 -0.355501341 80.5868033
v 16.4268385 -0.586090846 86.2356283
v 15.8466855 -0.580954232 86.2561547
v 16.4178728 -0.334712001 80.2477763
v 16.4125307 -0.0474489643 80.2295712
v 16.2302476 -0.318383391 79.5402359
v 16.1621263 -0.298205567 78.2925549
v 16.1633807 -0.0231413903 78.2162817
v 16.1785489 -0.282904565 76.9067216
v 12.48309 -0.336537313 79.3286208
v 12.1043666 -0.279221008 78.3511016
v 12.4429283 -0.0532771276 79.2468008
v 12.7280438 -0.265013666 80.2576334
v 12.5743468 -0.630729166 79.5410376
v 16.3592494 -0.271424759 75.8422927
v 16.3537721 0.00307898544 75.8141493
v 16.582185 -0.278178346 74.9352636
v 11.7267251 -0.388624369 77.4494938
v 11.3412483 -0.415094 76.6135677
v 11.7308618 -0.03130089 77.4874327
v 16.7822207 -0.30860636 74.2147751
v 16.7705037 -0.00983194297 74.2063283
v 16.9521674 -0.325879252 73.5932289
v 10.9197104 -0.418722307 75.8091731
v 10.5246498 -0.407555874 75.0110538
v 10.9073634 -0.026760077 75.8009796
v 17.0607984 -0.349368387 73.0493423
v 17.0429626 -0.00770024469 73.0561777
v 10.298066 -0.39421461 74.2171157
v 10.1915204 -0.380517959 73.4483389
v 10.3046996 -0.0161496658 74.2165969
v 10.2796209 -0.377822309 72.7605589
v 10.4754247 -0.383681942 72.0908108
v 10.2835819 0.000271284219 72.7647188
v 16.7820115 -0.29181743 71.1829416
v 16.7755263 0.00969155854 71.2070388
v 16.543016 -0.273684112 70.8171443
v 10.8091223 -0.378392516 71.4187853
v 10.8118011 -0.00747749629 71.4310616
v 16.1410597 -0.247892775 70.461751
v 16.1402701 0.00804778361 70.4890842
v 15.7097922 -0.257196702 70.1494475
v 15.3422491 -0.31209263 69.9652342
v 15.3507583 -0.0177456864 70.0203995
v 15.006049 -0.265408936 69.8635307
v 13.1794143 -0.29978536 69.6569462
v 13.5613137 -0.343047597 69.633844
v 13.1887473 0.0136327435 69.6959637
v 14.6675059 -0.342219914 69.7286366
v 14.6760151 0.0123815982 69.783802
v 14.3150602 -0.451111724 69.6065301
v 13.9431955 -0.364144894 69.6200399
v 13.95844 0.00707057816 69.6735448
v 14.9174115 2.6320291 84.5218774
v 14.8887872 2.80922549 84.0566462
v 14.1866444 2.52592039 84.8149183
v 14.8296305 2.87118112 83.5296464
v 14.7945371 2.91040739 82.9289287
v 14.12711 2.79640386 83.8989291
v 14.7668043 2.91967403 82.2746335
v 14.620577 2.90249442 81.5462707
v 14.0917557 2.74477082 82.8015887
v 14.3393004 2.84083623 80.8033009
v 14.007787 2.76947754 80.0615053
v 13.8810658 2.5646272 81.6223306
v 13.0560063 1.8906645 79.4772988
v 12.8209726 1.47366235 79.4219987
v 13.3489196 2.26063649 79.5743629
v 13.1419299 1.67074631 80.4799101
v 13.7238146 2.57532374 79.709033
v 13.4923512 2.24507213 80.7561315
v 14.8278441 -2.87303263 83.525299
v 14.1266385 -2.79601415 83.8883772
v 14.7883788 -2.9088928 82.9287302
v 14.7550311 -2.91590259 82.2809873
v 12.6020075 -1.03829467 79.3680469
v 12.7800386 -1.45192817 79.4329627
v 12.8009762 -0.889932243 80.3148589
v 12.997609 -1.8439708 79.517899
v 13.2348208 -2.21739725 79.6029188
v 13.0802188 -1.63059675 80.4896285
v 13.4849164 -2.5109913 79.7414504
v 13.3776891 -2.22484302 80.7566578
v 12.6498622 1.04884923 79.3697126
v 12.8434846 0.877295583 80.3237145
v 12.760712 0.0147082162 80.9254965
v 12.777888 0.323586723 80.9290767
v 15.0350069 -0.562266574 86.1448562
v 14.1663656 -0.527018376 86.110592
v 12.7241673 -0.272991294 81.0992238
v 12.7548731 -0.00926489766 80.9430716
v 17.1424105 -2.38608298 84.3729773
v 12.9744143 2.08664135 85.6612693
v 13.4626419 1.84800948 85.9264642
v 12.9902742 2.22347545 85.8041605
v 12.9183297 2.33131676 85.4276342
v 12.7489391 -0.701816609 81.151065
v 12.8190188 -1.09492592 81.2240282
v 12.6151216 -0.428620407 81.64425
v 12.8887561 -1.39638132 81.3211882
v 12.9911535 -1.69243381 81.4435937
v 12.5350655 -1.27891475 81.76069
v 13.2441672 -0.532368543 86.3324955
v 13.3580057 -0.00168232059 86.2981852
v 12.9022522 -1.08881558 86.2785506
v 13.0475321 -0.588165217 86.5051792
v 12.8646562 -2.42384632 82.1202962
v 13.1089025 -2.18414406 81.7800375
v 12.5878629 -2.20217824 82.60431
v 12.8158363 0.658962804 81.1587747
v 12.8817825 1.09050795 81.2380651
v 12.5877722 0.503779006 81.6378848
v 13.4014018 -2.51954094 85.0411674
v 13.4108161 -2.72067802 84.6332198
v 12.6813458 -2.54387317 85.3227336
v 13.4111847 -2.31850335 85.3979146
v 13.3994251 -2.79826218 84.1990357
v 12.6775028 -2.76359951 84.6341867
v 13.1051674 1.93903263 81.600864
v 13.0459337 1.714156 81.4510134
v 13.1887489 2.14347341 81.8527057
v 12.5877786 1.75246997 82.0123523
v 13.094368 2.32913026 82.2913743
v 13.2711676 2.52845137 82.7245762
v 12.6198172 2.21810753 82.7263901
v 13.184585 2.65189566 83.2178257
v 13.0305857 2.76230637 83.7270553
v 13.0567184 2.59439275 83.47099
v 13.0527367 2.79909341 84.2006475
v 12.9952896 2.72105854 84.6278578
v 13.04668 2.71660266 84.2683404
v 13.4183519 2.52119584 85.0467507
v 12.8460547 2.54000701 85.3252325
v 13.448604 -2.12071907 85.6720836
v 12.8715146 -2.18445038 85.8601439
v 12.9536039 -1.85522363 85.8852359
v 13.429357 -1.50159558 86.0527035
v 12.6997092 -1.62876365 86.5813529
v 13.0523008 -1.94734979 81.5841935
v 12.5955327 -1.75133943 82.2107775
v 13.2500815 0.529481457 86.3385257
v 13.0920422 0.588764967 86.5113693
v 12.9889559 1.06530901 86.2422334
v 13.453794 1.51155012 86.1304334
v 12.7348079 1.71542538 86.5665942
v 12.9820165 1.45013836 81.3351867
v 12.5670206 1.33660731 81.7891745
v 12.0490667 2.40810965 85.7906182
v 11.8971321 2.50307028 85.2234256
v 11.8312384 2.2492377 86.4373448
v 11.748132 2.14132068 87.3683375
v 10.6064157 2.09854208 87.2332763
v 11.7983133 1.66837297 87.4836642
v 11.9992806 0.764568425 86.7246648
v 10.9482793 1.39052274 88.0295748
v 12.210552 0.00499295568 86.4878053
v 12.0066243 -0.755996865 86.7202776
v 11.8044929 -1.66739122 87.4769309
v 10.9504969 -1.37869469 88.038994
v 11.7504766 -2.14620374 87.3605588
v 11.8260937 -2.25791725 86.4310187
v 10.6056565 -2.10261321 87.227008
v 12.037487 -2.41710283 85.7898677
v 12.0392955 -2.60882575 85.3500616
v 12.0377424 -2.62958515 84.8466262
v 11.8881658 -2.45126928 84.3714677
v 11.9659342 -2.25829304 83.2928452
v 11.21355 -2.25791 84.53215
v 12.1501324 -1.9877374 82.6684389
v 11.9859807 -1.79058418 82.319171
v 11.9340221 -1.60584201 81.6764839
v 11.25755 -1.97058 81.76768
v 11.9701531 -1.2401997 81.3757905
v 12.1118208 -0.590476153 81.3332004
v 11.41341 -0.92661 80.67448
v 12.5272868 -0.430169285 81.6772885
v 12.2788838 -0.018692867 81.4462601
v 12.1011937 0.548721814 81.3390794
v 11.9569254 1.18342667 81.3745084
v 11.39813 0.85065 80.67083
v 12.0688941 1.53397294 81.6342059
v 11.9176584 1.77753329 81.7998614
v 11.9787584 1.96742789 82.4810354
v 11.24852 1.84501 81.74734
v 12.1511092 2.25906414 83.0306209
v 12.149694 2.46217607 83.5736838
v 11.9696599 2.43768311 84.1397818
v 11.21987 2.18304 84.51918
v 11.5284728 -2.02371662 82.8557611
v 11.6213329 -1.97578293 83.5002949
v 11.5377241 -2.06606985 84.2351796
v 11.3854544 -2.1561882 84.9407271
v 11.2365133 -2.23508233 85.6715396
v 11.1417015 -2.1499417 86.3192543
v 10.9355228 -1.9597581 86.8833139
v 11.0833619 -1.56870689 87.3292545
v 11.2072519 -1.11223582 87.6975202
v 11.2863905 -0.447323012 87.8434384
v 11.316911 0.0851781435 88.0752444
v 11.2335134 0.645184878 87.9347946
v 11.2090303 1.234483 87.6132766
v 11.051539 1.66301097 87.2490855
v 10.9649646 1.9692678 86.741509
v 11.1787375 2.15094528 86.1853798
v 11.3305333 2.11653346 85.5926184
v 11.4736305 2.04716204 84.9144362
v 11.5679879 1.97952813 84.2161315
v 11.62245 1.87700563 83.4883295
v 11.5210595 1.90522106 82.8121201
v 11.8034958 -1.99225824 82.821945
v 12.1026557 -1.99591753 83.2477557
v 11.994283 -2.09971813 84.0337302
v 11.7966622 -2.19564193 84.7361768
v 11.6829802 -2.2561611 85.5730393
v 11.695284 -2.0457499 86.2252701
v 11.4305715 -1.88464934 86.7327143
v 11.6248664 -1.41591932 87.0831993
v 11.7128429 -0.956541727 87.3646002
v 11.8412824 -0.238625937 87.4399064
v 11.7900124 0.238136801 87.6332182
v 11.6471623 0.754800878 87.586218
v 11.7252645 1.34107654 87.1841037
v 11.5481404 1.71018621 86.8900798
v 11.4637014 2.01032192 86.3958834
v 11.7638913 2.16754587 85.8563557
v 11.9126913 2.16384874 85.336164
v 12.0184102 2.11177837 84.6991068
v 12.0638179 2.04427414 84.0428835
v 12.1002828 1.89655023 83.2846606
v 11.7614124 1.89696157 82.7500673
v 11.985372 -1.9907513 82.7707763
v 12.4380887 -2.13944983 82.8916121
v 12.3739569 -2.2494676 83.7449745
v 12.1629185 -2.34611781 84.4407537
v 12.1062399 -2.37927165 85.425004
v 12.1685906 -2.0316697 86.1081581
v 11.9711843 -1.8889226 86.5800994
v 12.130573 -1.31719523 86.8512295
v 12.2359641 -0.824904441 87.050752
v 12.3885691 -0.0216171663 87.0698155
v 12.2790369 0.445301523 87.2082766
v 12.1012637 0.95285335 87.2460399
v 12.1884273 1.57660699 86.7556798
v 12.0325568 1.88765168 86.5058692
v 11.9868206 2.20019766 85.9916551
v 12.2942377 2.35170725 85.4191944
v 12.4602613 2.37514707 84.9580277
v 12.5165044 2.32856461 84.3774332
v 12.5113854 2.24248452 83.7869283
v 12.4406312 2.03108417 82.9914132
v 11.9001917 1.92045034 82.66039
v 12.0517236 -1.99673221 82.7152694
v 12.6499193 -2.31383157 82.5802252
v 12.6466555 -2.42824237 83.4343921
v 12.431344 -2.52434922 84.1226123
v 12.4298076 -2.52789013 85.2645849
v 12.5297731 -2.0401174 85.9852643
v 12.4065877 -1.91304136 86.4269807
v 12.5341681 -1.23198702 86.6227812
v 12.6816659 -0.699281357 86.7416718
v 12.835538 0.197469528 86.7080849
v 12.6845343 0.666017761 86.7876061
v 12.4808963 1.17301494 86.9079614
v 12.5481034 1.84437168 86.3274432
v 12.419304 2.09768971 86.1153574
v 12.403247 2.42727882 85.5727763
v 12.7197408 2.57775882 84.9549987
v 12.9046384 2.62744116 84.5494709
v 12.9147059 2.58339332 84.0291735
v 12.8599802 2.47406098 83.5102961
v 12.657148 2.19436544 82.7209312
v 11.9213398 1.95187618 82.5638066
vt 0.67236328 0.060821533
vt 0.67480469 0.042236328
vt 0.65917969 0.045837402
vt 0.65087891 0.063476562
vt 0.78222656 0.16210938
vt 0.76660156 0.15930176
vt 0.765625 0.17651367
vt 0.77929688 0.17932129
vt 0.79589844 0.16662598
vt 0.79296875 0.18347168
vt 0.80908203 0.17236328
vt 0.80566406 0.1887207
vt 0.8203125 0.17871094
vt 0.81738281 0.19458008
vt 0.83105469 0.18505859
vt 0.828125 0.19995117
vt 0.84179688 0.19042969
vt 0.83984375 0.2043457
vt 0.76464844 0.19140625
vt 0.77783203 0.1940918
vt 0.79101562 0.19812012
vt 0.80273438 0.203125
vt 0.81445312 0.20837402
vt 0.82617188 0.21325684
vt 0.76367188 0.2121582
vt 0.77636719 0.21484375
vt 0.7890625 0.21887207
vt 0.80126953 0.22363281
vt 0.81298828 0.2286377
vt 0.82421875 0.2331543
vt 0.76367188 0.2310791
vt 0.77587891 0.23400879
vt 0.78808594 0.23815918
vt 0.79980469 0.24328613
vt 0.81152344 0.24841309
vt 0.82324219 0.25292969
vt 0.83447266 0.2565918
vt 0.8359375 0.23657227
vt 0.76318359 0.24804688
vt 0.77539062 0.2512207
vt 0.78710938 0.25610352
vt 0.79882812 0.26196289
vt 0.81054688 0.26782227
vt 0.82128906 0.27294922
vt 0.75097656 0.26123047
vt 0.76269531 0.26245117
vt 0.75097656 0.24682617
vt 0.77441406 0.26635742
vt 0.78613281 0.2722168
vt 0.79736328 0.27880859
vt 0.80859375 0.28564453
vt 0.81835938 0.29272461
vt 0.76123047 0.27856445
vt 0.7734375 0.28295898
vt 0.78515625 0.28857422
vt 0.79589844 0.29614258
vt 0.80664062 0.3046875
vt 0.81494141 0.3137207
vt 0.76074219 0.28491211
vt 0.77246094 0.28955078
vt 0.78320312 0.29516602
vt 0.79394531 0.30395508
vt 0.77978516 0.31396484
vt 0.7890625 0.32617188
vt 0.79101562 0.3203125
vt 0.78125 0.30908203
vt 0.78222656 0.30004883
vt 0.79296875 0.30957031
vt 0.8046875 0.31689453
vt 0.81152344 0.32348633
vt 0.76074219 0.29003906
vt 0.77197266 0.29443359
vt 0.70019531 0.34301758
vt 0.70556641 0.33666992
vt 0.70458984 0.32958984
vt 0.80175781 0.32470703
vt 0.80859375 0.33056641
vt 0.81298828 0.33569336
vt 0.81640625 0.32861328
vt 0.76074219 0.29370117
vt 0.77148438 0.29833984
vt 0.78125 0.30395508
vt 0.79199219 0.31445312
vt 0.79980469 0.32958984
vt 0.79980469 0.34545898
vt 0.80371094 0.33959961
vt 0.80664062 0.33520508
vt 0.76074219 0.29760742
vt 0.77197266 0.30249023
vt 0.79589844 0.33154297
vt 0.79492188 0.33862305
vt 0.75976562 0.30224609
vt 0.77050781 0.30688477
vt 0.76855469 0.31396484
vt 0.76757812 0.3215332
vt 0.77539062 0.32861328
vt 0.77783203 0.3215332
vt 0.75976562 0.31030273
vt 0.78320312 0.33813477
vt 0.78613281 0.33227539
vt 0.78857422 0.34863281
vt 0.79248047 0.35571289
vt 0.796875 0.35180664
vt 0.79199219 0.34399414
vt 0.75878906 0.31835938
vt 0.78369141 0.35229492
vt 0.78710938 0.35888672
vt 0.7578125 0.3269043
vt 0.765625 0.32958984
vt 0.77880859 0.34277344
vt 0.77246094 0.33544922
vt 0.78808594 0.36230469
vt 0.79492188 0.35913086
vt 0.77685547 0.35546875
vt 0.77832031 0.36157227
vt 0.75683594 0.33691406
vt 0.76318359 0.33862305
vt 0.76953125 0.34155273
vt 0.7734375 0.34716797
vt 0.76757812 0.35668945
vt 0.77001953 0.36181641
vt 0.75488281 0.34765625
vt 0.76074219 0.34960938
vt 0.76660156 0.34692383
vt 0.76757812 0.35229492
vt 0.7578125 0.35498047
vt 0.75439453 0.35327148
vt 0.76318359 0.35839844
vt 0.78515625 0.14221191
vt 0.76855469 0.13928223
vt 0.80029297 0.14685059
vt 0.81347656 0.15319824
vt 0.82519531 0.16064453
vt 0.83398438 0.16796875
vt 0.84375 0.17480469
vt 0.78759766 0.11981201
vt 0.76953125 0.11743164
vt 0.8046875 0.12481689
vt 0.81982422 0.13232422
vt 0.83056641 0.14086914
vt 0.83886719 0.14953613
vt 0.84667969 0.15820312
vt 0.78955078 0.10620117
vt 0.77050781 0.10479736
vt 0.80957031 0.11108398
vt 0.82714844 0.121521
vt 0.83789062 0.13195801
vt 0.84472656 0.14172363
vt 0.84960938 0.15100098
vt 0.78955078 0.092102051
vt 0.77050781 0.090576172
vt 0.83789062 0.11193848
vt 0.82128906 0.10290527
vt 0.85253906 0.13684082
vt 0.84814453 0.12695312
vt 0.68066406 0.10284424
vt 0.69433594 0.095825195
vt 0.6796875 0.094482422
vt 0.75097656 0.05355835
vt 0.75097656 0.074584961
vt 0.77050781 0.074523926
vt 0.77001953 0.05291748
vt 0.78808594 0.073730469
vt 0.78613281 0.051086426
vt 0.80419922 0.074829102
vt 0.79980469 0.051452637
vt 0.80859375 0.095825195
vt 0.81982422 0.076965332
vt 0.82324219 0.094604492
vt 0.84472656 0.098693848
vt 0.84033203 0.082214355
vt 0.85986328 0.12512207
vt 0.85839844 0.11450195
vt 0.86425781 0.099121094
vt 0.86035156 0.10473633
vt 0.88623047 0.11523438
vt 0.88867188 0.10137939
vt 0.86035156 0.13549805
vt 0.87939453 0.13757324
vt 0.88232422 0.12768555
vt 0.87792969 0.14550781
vt 0.875 0.15136719
vt 0.85888672 0.14318848
vt 0.66357422 0.11187744
vt 0.67431641 0.12121582
vt 0.69238281 0.11083984
vt 0.88818359 0.08190918
vt 0.86132812 0.085144043
vt 0.89746094 0.14941406
vt 0.90039062 0.13781738
vt 0.89648438 0.15820312
vt 0.89550781 0.16394043
vt 0.90234375 0.12402344
vt 0.90527344 0.10571289
vt 0.91210938 0.087402344
vt 0.92578125 0.072692871
vt 0.91113281 0.067687988
vt 0.93896484 0.063415527
vt 0.92773438 0.055511475
vt 0.94921875 0.057617188
vt 0.94091797 0.048858643
vt 0.95751953 0.052215576
vt 0.95019531 0.045166016
vt 0.91162109 0.15527344
vt 0.91308594 0.1427002
vt 0.91210938 0.16418457
vt 0.91113281 0.1706543
vt 0.91699219 0.12939453
vt 0.921875 0.11132812
vt 0.93066406 0.095336914
vt 0.94335938 0.080322266
vt 0.95410156 0.071228027
vt 0.96142578 0.065490723
vt 0.92626953 0.15905762
vt 0.92675781 0.14697266
vt 0.92578125 0.16687012
vt 0.92871094 0.13342285
vt 0.93457031 0.11590576
vt 0.94335938 0.10192871
vt 0.95605469 0.08996582
vt 0.96679688 0.081359863
vt 0.97412109 0.076416016
vt 0.93847656 0.16064453
vt 0.93847656 0.1496582
vt 0.93847656 0.16796875
vt 0.94042969 0.13745117
vt 0.9453125 0.1217041
vt 0.95410156 0.10888672
vt 0.96435547 0.098754883
vt 0.97460938 0.092712402
vt 0.98242188 0.08972168
vt 0.98925781 0.086853027
vt 0.98046875 0.07232666
vt 0.94921875 0.16101074
vt 0.94921875 0.15136719
vt 0.94970703 0.16711426
vt 0.95117188 0.14050293
vt 0.95507812 0.1282959
vt 0.96289062 0.11938477
vt 0.97167969 0.11102295
vt 0.98144531 0.10742188
vt 0.98828125 0.10675049
vt 0.96289062 0.15673828
vt 0.95996094 0.15026855
vt 0.96386719 0.16210938
vt 0.96582031 0.16650391
vt 0.95068359 0.17248535
vt 0.96191406 0.14294434
vt 0.96484375 0.13586426
vt 0.96972656 0.13110352
vt 0.97460938 0.125
vt 0.98144531 0.12854004
vt 0.98730469 0.13110352
vt 0.97167969 0.15478516
vt 0.96679688 0.14831543
vt 0.97509766 0.16027832
vt 0.97070312 0.14147949
vt 0.97558594 0.13525391
vt 0.98242188 0.13952637
vt 0.97705078 0.1472168
vt 0.98242188 0.15258789
vt 0.98876953 0.14331055
vt 0.73535156 0.15917969
vt 0.72021484 0.16186523
vt 0.72265625 0.17871094
vt 0.73632812 0.17626953
vt 0.68164062 0.17797852
vt 0.67089844 0.18432617
vt 0.67382812 0.19897461
vt 0.68505859 0.19348145
vt 0.69287109 0.17163086
vt 0.69628906 0.18786621
vt 0.70605469 0.16601562
vt 0.70898438 0.18286133
vt 0.71142578 0.19714355
vt 0.72412109 0.19335938
vt 0.73730469 0.19104004
vt 0.67626953 0.21191406
vt 0.6875 0.20703125
vt 0.69921875 0.20202637
vt 0.71289062 0.21777344
vt 0.72558594 0.21411133
vt 0.73828125 0.21179199
vt 0.67773438 0.23168945
vt 0.68945312 0.22729492
vt 0.70117188 0.22241211
vt 0.71386719 0.23706055
vt 0.72607422 0.2331543
vt 0.73828125 0.23071289
vt 0.6796875 0.2512207
vt 0.69042969 0.24682617
vt 0.70214844 0.24182129
vt 0.71484375 0.25488281
vt 0.7265625 0.25048828
vt 0.73876953 0.24768066
vt 0.68164062 0.27099609
vt 0.69238281 0.26611328
vt 0.703125 0.26049805
vt 0.71582031 0.27099609
vt 0.72753906 0.265625
vt 0.73925781 0.26220703
vt 0.68359375 0.29003906
vt 0.69433594 0.28369141
vt 0.70507812 0.27758789
vt 0.71777344 0.28808594
vt 0.72851562 0.2824707
vt 0.74072266 0.27832031
vt 0.68652344 0.31005859
vt 0.6953125 0.30297852
vt 0.70654297 0.29492188
vt 0.71923828 0.29467773
vt 0.72998047 0.2890625
vt 0.74121094 0.28466797
vt 0.75097656 0.28344727
vt 0.75097656 0.27709961
vt 0.68945312 0.32055664
vt 0.69677734 0.31420898
vt 0.70800781 0.30273438
vt 0.72021484 0.29956055
vt 0.73046875 0.29418945
vt 0.74121094 0.28979492
vt 0.69970703 0.32226562
vt 0.69140625 0.32763672
vt 0.70898438 0.30859375
vt 0.72119141 0.3034668
vt 0.73046875 0.2980957
vt 0.69384766 0.33227539
vt 0.69628906 0.33691406
vt 0.74169922 0.29370117
vt 0.70117188 0.32739258
vt 0.70996094 0.31323242
vt 0.52490234 0.12548828
vt 0.52685547 0.13293457
vt 0.53369141 0.12939453
vt 0.53222656 0.12194824
vt 0.72070312 0.30859375
vt 0.73046875 0.30224609
vt 0.74169922 0.29760742
vt 0.7109375 0.3190918
vt 0.72216797 0.31347656
vt 0.73144531 0.30664062
vt 0.71289062 0.32495117
vt 0.7421875 0.30224609
vt 0.70361328 0.34960938
vt 0.70800781 0.34228516
vt 0.72412109 0.32080078
vt 0.73339844 0.3137207
vt 0.7421875 0.31054688
vt 0.71484375 0.33129883
vt 0.69726562 0.34863281
vt 0.70117188 0.35302734
vt 0.72607422 0.328125
vt 0.734375 0.3215332
vt 0.74316406 0.31835938
vt 0.71191406 0.34692383
vt 0.71826172 0.3371582
vt 0.70751953 0.35375977
vt 0.72900391 0.33496094
vt 0.73632812 0.32958984
vt 0.74365234 0.32714844
vt 0.75097656 0.32617188
vt 0.75097656 0.31738281
vt 0.71679688 0.35107422
vt 0.72216797 0.34228516
vt 0.71289062 0.35742188
vt 0.73242188 0.34130859
vt 0.73828125 0.33837891
vt 0.74511719 0.33691406
vt 0.75097656 0.33642578
vt 0.72363281 0.35473633
vt 0.72753906 0.34692383
vt 0.72167969 0.3605957
vt 0.73486328 0.34667969
vt 0.74072266 0.34936523
vt 0.74658203 0.34765625
vt 0.73291016 0.35644531
vt 0.73388672 0.35205078
vt 0.73046875 0.36157227
vt 0.73779297 0.35839844
vt 0.74365234 0.35522461
vt 0.74707031 0.35351562
vt 0.73779297 0.36206055
vt 0.74609375 0.35839844
vt 0.75097656 0.35668945
vt 0.75097656 0.35302734
vt 0.71728516 0.14208984
vt 0.70166016 0.14648438
vt 0.73388672 0.13928223
vt 0.75097656 0.13830566
vt 0.75097656 0.15820312
vt 0.67675781 0.16003418
vt 0.66699219 0.16760254
vt 0.68798828 0.15283203
vt 0.71484375 0.11987305
vt 0.69726562 0.12463379
vt 0.73291016 0.11755371
vt 0.75097656 0.11688232
vt 0.67041016 0.14050293
vt 0.66210938 0.14953613
vt 0.68164062 0.13195801
vt 0.71337891 0.10644531
vt 0.73242188 0.10498047
vt 0.75097656 0.10479736
vt 0.66308594 0.13195801
vt 0.65625 0.14196777
vt 0.73242188 0.090942383
vt 0.71337891 0.092224121
vt 0.75097656 0.090515137
vt 0.65136719 0.12670898
vt 0.6484375 0.13818359
vt 0.703125 0.051940918
vt 0.69824219 0.074829102
vt 0.71484375 0.073791504
vt 0.71679688 0.051177979
vt 0.73193359 0.074584961
vt 0.73242188 0.052581787
vt 0.68847656 0.055938721
vt 0.68310547 0.077148438
vt 0.66259766 0.082092285
vt 0.65722656 0.098327637
vt 0.64208984 0.1151123
vt 0.640625 0.12646484
vt 0.63964844 0.13696289
vt 0.64111328 0.10498047
vt 0.64160156 0.084594727
vt 0.63769531 0.098999023
vt 0.61914062 0.13806152
vt 0.62011719 0.14648438
vt 0.61669922 0.12744141
vt 0.61376953 0.099487305
vt 0.61425781 0.11407471
vt 0.61572266 0.079284668
vt 0.62792969 0.060089111
vt 0.59765625 0.14782715
vt 0.59716797 0.15698242
vt 0.59667969 0.13562012
vt 0.59228516 0.083984375
vt 0.59619141 0.10290527
vt 0.59667969 0.12158203
vt 0.56054688 0.04989624
vt 0.56933594 0.056640625
vt 0.58007812 0.050231934
vt 0.56835938 0.042419434
vt 0.58056641 0.067443848
vt 0.59472656 0.063964844
vt 0.58203125 0.15148926
vt 0.57910156 0.16027832
vt 0.58251953 0.13879395
vt 0.57324219 0.089599609
vt 0.57910156 0.10662842
vt 0.58154297 0.12512207
vt 0.54833984 0.055145264
vt 0.5546875 0.061798096
vt 0.56298828 0.07232666
vt 0.56591797 0.15246582
vt 0.56494141 0.16003418
vt 0.56738281 0.140625
vt 0.55957031 0.09362793
vt 0.56640625 0.10913086
vt 0.56835938 0.12719727
vt 0.53466797 0.062683105
vt 0.54052734 0.068847656
vt 0.54931641 0.079223633
vt 0.55175781 0.15820312
vt 0.54931641 0.16430664
vt 0.56347656 0.16687012
vt 0.55322266 0.15136719
vt 0.55517578 0.14086914
vt 0.54785156 0.098144531
vt 0.55419922 0.11260986
vt 0.55566406 0.12878418
vt 0.52392578 0.073425293
vt 0.53125 0.07800293
vt 0.54003906 0.085998535
vt 0.54248047 0.14916992
vt 0.54052734 0.15490723
vt 0.54394531 0.14013672
vt 0.53710938 0.10620117
vt 0.54296875 0.11676025
vt 0.54492188 0.12939453
vt 0.51513672 0.088195801
vt 0.52148438 0.090637207
vt 0.53027344 0.096130371
vt 0.52978516 0.14196777
vt 0.52734375 0.14660645
vt 0.53369141 0.13647461
vt 0.52880859 0.1159668
vt 0.50488281 0.11114502
vt 0.51025391 0.1114502
vt 0.50830078 0.086364746
vt 0.51660156 0.11065674
vt 0.52441406 0.10913086
vt 0.52148438 0.13818359
vt 0.52148438 0.11828613
vt 0.51318359 0.12091064
vt 0.51757812 0.12963867
vt 0.74707031 0.3605957
vt 0.75097656 0.17541504
vt 0.75097656 0.19030762
vt 0.83789062 0.21704102
vt 0.75097656 0.21118164
vt 0.75097656 0.22998047
vt 0.83203125 0.27709961
vt 0.82763672 0.2980957
vt 0.82128906 0.31884766
vt 0.75097656 0.28857422
vt 0.80664062 0.34643555
vt 0.80957031 0.34106445
vt 0.75097656 0.29223633
vt 0.80273438 0.35131836
vt 0.75097656 0.29589844
vt 0.75097656 0.30078125
vt 0.79882812 0.35571289
vt 0.75097656 0.30908203
vt 0.77880859 0.36425781
vt 0.75097656 0.34741211
vt 0.76953125 0.36401367
vt 0.76269531 0.36206055
vt 0.75585938 0.35791016
vt 0.85400391 0.14501953
vt 0.94091797 0.032714844
vt 0.95019531 0.03237915
vt 0.96777344 0.060302734
vt 0.92529297 0.17382812
vt 0.93896484 0.17431641
vt 0.99511719 0.10681152
vt 0.99316406 0.13232422
vt 0.75439453 0.36035156
vt 0.66064453 0.18969727
vt 0.66259766 0.20336914
vt 0.66455078 0.21582031
vt 0.66650391 0.23510742
vt 0.66796875 0.25463867
vt 0.67041016 0.2746582
vt 0.67382812 0.29541016
vt 0.6796875 0.31542969
vt 0.68359375 0.32519531
vt 0.68701172 0.33227539
vt 0.69384766 0.34326172
vt 0.69042969 0.33789062
vt 0.70507812 0.35668945
vt 0.7109375 0.36035156
vt 0.72070312 0.36328125
vt 0.72998047 0.36376953
vt 0.65820312 0.17443848
vt 0.65576172 0.15844727
vt 0.65234375 0.15087891
vt 0.64697266 0.14587402
vt 0.640625 0.14416504
vt 0.62207031 0.15258789
vt 0.55859375 0.027526855
vt 0.55908203 0.039459229
vt 0.56689453 0.027252197
vt 0.59765625 0.1628418
vt 0.55371094 0.044708252
vt 0.57861328 0.16674805
vt 0.54296875 0.049591064
vt 0.52929688 0.057495117
vt 0.51806641 0.069030762
vt 0.53808594 0.15979004
vt 0.52441406 0.15014648
vt 0.51708984 0.14257812
vt 0.50683594 0.12298584
vt 0.51074219 0.13354492
vt 0.81445312 0.055603027
vt 0.83105469 0.060577393
vt 0.85253906 0.064147949
vt 0.87646484 0.062438965
vt 0.921875 0.037780762
vt 0.90039062 0.051635742
vt 0.58544922 0.032409668
vt 0.60595703 0.047790527
vt 0.95605469 0.010826111
vt 0.55029297 0.0071640015
vt 0.78320312 0.02305603
vt 0.80078125 0.016281128
vt 0.58349609 0.0038204193
vt 0.61132812 0.024398804
vt 0.75097656 0.028549194
vt 0.73486328 0.026092529
vt 0.63867188 0.041412354
vt 0.92382812 0.0096588135
vt 0.68847656 0.031311035
vt 0.70117188 0.017486572
vt 0.89550781 0.028640747
vt 0.86621094 0.043640137
vt 0.84570312 0.045440674
vt 0.828125 0.041931152
vt 0.81445312 0.030426025
vt 0.71826172 0.023223877
vt 0.76708984 0.027160645
vt 0.80078125 0.016281128
vt 0.76708984 0.027160645
vt 0.75097656 0.028549194
vt 0.73486328 0.026092529
vt 0.70117188 0.017486572
vt 0.65917969 0.045837402
vt 0.61132812 0.024398804
vt 0.95605469 0.010826111
vt 0.89550781 0.028640747
vt 0.84570312 0.045440674
vt 0.66601562 0.053344727
vt 0.66699219 0.044036865
vt 0.67382812 0.051513672
vt 0.66162109 0.062133789
vt 0.65527344 0.054656982
vt 0.77392578 0.16931152
vt 0.76611328 0.16796875
vt 0.77441406 0.16064453
vt 0.78076172 0.1706543
vt 0.77246094 0.17797852
vt 0.78808594 0.17297363
vt 0.7890625 0.16430664
vt 0.79443359 0.17504883
vt 0.78613281 0.18139648
vt 0.80078125 0.17797852
vt 0.80273438 0.16943359
vt 0.80712891 0.18054199
vt 0.79931641 0.18603516
vt 0.81298828 0.18371582
vt 0.81494141 0.17553711
vt 0.81884766 0.18664551
vt 0.81152344 0.19165039
vt 0.82421875 0.18981934
vt 0.82568359 0.18188477
vt 0.82958984 0.19250488
vt 0.82275391 0.19726562
vt 0.83496094 0.19519043
vt 0.83642578 0.18774414
vt 0.84082031 0.1973877
vt 0.83398438 0.20214844
vt 0.77197266 0.18530273
vt 0.77880859 0.18676758
vt 0.77148438 0.19274902
vt 0.76513672 0.18395996
vt 0.78515625 0.1887207
vt 0.79199219 0.1907959
vt 0.78417969 0.19604492
vt 0.79785156 0.19335938
vt 0.80419922 0.19592285
vt 0.796875 0.20068359
vt 0.81005859 0.19885254
vt 0.81591797 0.20141602
vt 0.80859375 0.20581055
vt 0.82128906 0.20410156
vt 0.82714844 0.20654297
vt 0.8203125 0.21081543
vt 0.77099609 0.203125
vt 0.77734375 0.20446777
vt 0.77050781 0.21350098
vt 0.76416016 0.20178223
vt 0.78369141 0.20654297
vt 0.79003906 0.20849609
vt 0.78271484 0.21679688
vt 0.79589844 0.2109375
vt 0.80224609 0.21337891
vt 0.79492188 0.22119141
vt 0.80810547 0.21606445
vt 0.81396484 0.21850586
vt 0.80712891 0.22607422
vt 0.81933594 0.22094727
vt 0.82519531 0.22314453
vt 0.81884766 0.23095703
vt 0.77001953 0.22290039
vt 0.77636719 0.22436523
vt 0.76953125 0.23254395
vt 0.76367188 0.22167969
vt 0.78222656 0.22644043
vt 0.78857422 0.22851562
vt 0.78222656 0.23608398
vt 0.79492188 0.23095703
vt 0.80078125 0.23339844
vt 0.79394531 0.24072266
vt 0.80664062 0.23596191
vt 0.8125 0.23852539
vt 0.80566406 0.24584961
vt 0.81835938 0.24072266
vt 0.82373047 0.24304199
vt 0.81738281 0.25073242
vt 0.82958984 0.24475098
vt 0.83544922 0.24658203
vt 0.82861328 0.25488281
vt 0.83007812 0.23486328
vt 0.76953125 0.2409668
vt 0.77539062 0.24267578
vt 0.76953125 0.24963379
vt 0.76318359 0.23950195
vt 0.78173828 0.24462891
vt 0.78759766 0.24707031
vt 0.78125 0.25366211
vt 0.79394531 0.24975586
vt 0.79980469 0.25268555
vt 0.79296875 0.2590332
vt 0.80566406 0.25512695
vt 0.81103516 0.25805664
vt 0.8046875 0.26489258
vt 0.81640625 0.26025391
vt 0.82226562 0.26293945
vt 0.81542969 0.27050781
vt 0.75683594 0.25463867
vt 0.76269531 0.25537109
vt 0.75683594 0.26171875
vt 0.75097656 0.25390625
vt 0.75683594 0.24743652
vt 0.76904297 0.25683594
vt 0.77490234 0.25878906
vt 0.76855469 0.2644043
vt 0.78125 0.26123047
vt 0.78662109 0.26416016
vt 0.78027344 0.26928711
vt 0.79248047 0.26708984
vt 0.79833984 0.27050781
vt 0.79199219 0.27539062
vt 0.80371094 0.2734375
vt 0.80957031 0.27685547
vt 0.80273438 0.28222656
vt 0.81445312 0.27929688
vt 0.81982422 0.28271484
vt 0.81347656 0.2890625
vt 0.76806641 0.27246094
vt 0.77392578 0.2746582
vt 0.76757812 0.28076172
vt 0.76171875 0.27050781
vt 0.77978516 0.27758789
vt 0.78564453 0.28027344
vt 0.77929688 0.28564453
vt 0.79101562 0.28369141
vt 0.79638672 0.28759766
vt 0.79003906 0.29248047
vt 0.80175781 0.29101562
vt 0.80761719 0.29516602
vt 0.80126953 0.30029297
vt 0.8125 0.29882812
vt 0.81640625 0.30322266
vt 0.81054688 0.30908203
vt 0.76708984 0.28393555
vt 0.77294922 0.28613281
vt 0.76660156 0.28710938
vt 0.76074219 0.28173828
vt 0.77880859 0.2890625
vt 0.78417969 0.29199219
vt 0.77783203 0.29248047
vt 0.78955078 0.2956543
vt 0.79492188 0.30004883
vt 0.78857422 0.29956055
vt 0.78515625 0.31713867
vt 0.79003906 0.32324219
vt 0.78417969 0.32006836
vt 0.78027344 0.31152344
vt 0.78613281 0.31469727
vt 0.78808594 0.30200195
vt 0.78271484 0.29760742
vt 0.79345703 0.30664062
vt 0.78759766 0.3046875
vt 0.81005859 0.31542969
vt 0.81347656 0.31860352
vt 0.80810547 0.3203125
vt 0.80566406 0.31079102
vt 0.76660156 0.28979492
vt 0.77246094 0.29199219
vt 0.76611328 0.29223633
vt 0.76074219 0.28759766
vt 0.77734375 0.29492188
vt 0.77734375 0.29736328
vt 0.70214844 0.33642578
vt 0.70507812 0.33300781
vt 0.703125 0.33984375
vt 0.80664062 0.32373047
vt 0.80517578 0.32763672
vt 0.80322266 0.32080078
vt 0.81005859 0.32714844
vt 0.8125 0.32958984
vt 0.81445312 0.33203125
vt 0.81103516 0.33300781
vt 0.81396484 0.32617188
vt 0.79785156 0.31445312
vt 0.79736328 0.31713867
vt 0.79980469 0.31054688
vt 0.76611328 0.29394531
vt 0.77197266 0.29638672
vt 0.76611328 0.29589844
vt 0.76074219 0.29199219
vt 0.77685547 0.29931641
vt 0.78173828 0.30200195
vt 0.77636719 0.30126953
vt 0.78710938 0.30712891
vt 0.78710938 0.30908203
vt 0.79248047 0.31201172
vt 0.79638672 0.31958008
vt 0.79589844 0.32202148
vt 0.80078125 0.32714844
vt 0.80078125 0.33496094
vt 0.79980469 0.33740234
vt 0.80273438 0.33203125
vt 0.80175781 0.3425293
vt 0.80761719 0.33300781
vt 0.80371094 0.33007812
vt 0.76611328 0.29785156
vt 0.77197266 0.30029297
vt 0.76611328 0.30004883
vt 0.76074219 0.2956543
vt 0.77685547 0.30322266
vt 0.78125 0.30664062
vt 0.77636719 0.30566406
vt 0.78662109 0.31176758
vt 0.79150391 0.31738281
vt 0.79541016 0.32495117
vt 0.79785156 0.33056641
vt 0.79345703 0.32592773
vt 0.79785156 0.33837891
vt 0.79785156 0.34204102
vt 0.79589844 0.33496094
vt 0.76611328 0.30224609
vt 0.77148438 0.3046875
vt 0.765625 0.3046875
vt 0.76025391 0.29980469
vt 0.77587891 0.30810547
vt 0.77539062 0.31054688
vt 0.77197266 0.32128906
vt 0.77148438 0.32519531
vt 0.76806641 0.31787109
vt 0.7734375 0.31787109
vt 0.77636719 0.32519531
vt 0.77441406 0.31396484
vt 0.77880859 0.31787109
vt 0.76953125 0.31054688
vt 0.76513672 0.30859375
vt 0.76416016 0.31201172
vt 0.75976562 0.30615234
vt 0.80517578 0.33740234
vt 0.78027344 0.32983398
vt 0.77929688 0.33349609
vt 0.78222656 0.3269043
vt 0.78466797 0.33520508
vt 0.79296875 0.35009766
vt 0.79492188 0.35375977
vt 0.79052734 0.35205078
vt 0.79052734 0.34619141
vt 0.79443359 0.34790039
vt 0.76367188 0.31616211
vt 0.76318359 0.31982422
vt 0.75927734 0.31445312
vt 0.78320312 0.32324219
vt 0.78759766 0.32910156
vt 0.78759766 0.34033203
vt 0.78564453 0.34326172
vt 0.7890625 0.33813477
vt 0.78808594 0.35400391
vt 0.78955078 0.35742188
vt 0.78515625 0.35546875
vt 0.78613281 0.35058594
vt 0.76269531 0.32421875
vt 0.76660156 0.32568359
vt 0.76171875 0.328125
vt 0.75878906 0.32275391
vt 0.78369141 0.34570312
vt 0.78125 0.34765625
vt 0.78076172 0.34033203
vt 0.77001953 0.32861328
vt 0.76904297 0.33251953
vt 0.77392578 0.33203125
vt 0.77734375 0.33569336
vt 0.77587891 0.33911133
vt 0.79101562 0.35888672
vt 0.79150391 0.36083984
vt 0.78759766 0.3605957
vt 0.79345703 0.35742188
vt 0.78173828 0.35717773
vt 0.78271484 0.36035156
vt 0.77734375 0.35839844
vt 0.78027344 0.35400391
vt 0.76123047 0.33325195
vt 0.76416016 0.33398438
vt 0.75976562 0.33789062
vt 0.75732422 0.33203125
vt 0.76806641 0.33691406
vt 0.77099609 0.33837891
vt 0.76611328 0.34008789
vt 0.77392578 0.34228516
vt 0.77636719 0.3449707
vt 0.77148438 0.34423828
vt 0.77880859 0.34960938
vt 0.77539062 0.35131836
vt 0.77294922 0.35913086
vt 0.77441406 0.36181641
vt 0.76855469 0.359375
vt 0.77246094 0.35595703
vt 0.75927734 0.34326172
vt 0.76171875 0.34423828
vt 0.7578125 0.34863281
vt 0.75585938 0.34228516
vt 0.76464844 0.34570312
vt 0.76757812 0.34423828
vt 0.76367188 0.34814453
vt 0.77001953 0.34716797
vt 0.77050781 0.34960938
vt 0.76708984 0.34960938
vt 0.77246094 0.35400391
vt 0.76757812 0.35449219
vt 0.76416016 0.35302734
vt 0.76269531 0.35595703
vt 0.75927734 0.35229492
vt 0.76416016 0.35107422
vt 0.75732422 0.3515625
vt 0.75634766 0.35400391
vt 0.75488281 0.35058594
vt 0.765625 0.35742188
vt 0.76074219 0.35668945
vt 0.77587891 0.15075684
vt 0.76757812 0.14929199
vt 0.77636719 0.14074707
vt 0.78320312 0.15209961
vt 0.79101562 0.15454102
vt 0.79248047 0.14453125
vt 0.79833984 0.15673828
vt 0.8046875 0.15991211
vt 0.80712891 0.15002441
vt 0.81152344 0.1628418
vt 0.81689453 0.16650391
vt 0.81933594 0.15698242
vt 0.82275391 0.16967773
vt 0.82714844 0.17333984
vt 0.82958984 0.16430664
vt 0.83251953 0.17651367
vt 0.83740234 0.17993164
vt 0.83886719 0.17138672
vt 0.84277344 0.18261719
vt 0.77783203 0.1295166
vt 0.76904297 0.12841797
vt 0.77832031 0.11865234
vt 0.78613281 0.13098145
vt 0.79492188 0.13354492
vt 0.79589844 0.12231445
vt 0.80273438 0.13586426
vt 0.81005859 0.13964844
vt 0.8125 0.12854004
vt 0.81689453 0.14282227
vt 0.82226562 0.14697266
vt 0.82519531 0.13659668
vt 0.82763672 0.15075684
vt 0.83203125 0.1550293
vt 0.83496094 0.14526367
vt 0.83642578 0.15869141
vt 0.84033203 0.16308594
vt 0.84277344 0.15380859
vt 0.84521484 0.16650391
vt 0.77929688 0.11181641
vt 0.77001953 0.11108398
vt 0.77978516 0.10546875
vt 0.78857422 0.11303711
vt 0.79882812 0.11547852
vt 0.79980469 0.10864258
vt 0.80712891 0.11791992
vt 0.81591797 0.12316895
vt 0.81835938 0.11633301
vt 0.82373047 0.12695312
vt 0.82910156 0.13208008
vt 0.83251953 0.12670898
vt 0.83398438 0.13647461
vt 0.83740234 0.14135742
vt 0.84130859 0.13684082
vt 0.84179688 0.14562988
vt 0.84423828 0.15026855
vt 0.84667969 0.1463623
vt 0.84765625 0.15454102
vt 0.77978516 0.098449707
vt 0.77050781 0.09765625
vt 0.78027344 0.091308594
vt 0.78955078 0.099121094
vt 0.82373047 0.11151123
vt 0.81542969 0.10699463
vt 0.82958984 0.10742188
vt 0.83251953 0.11669922
vt 0.84521484 0.13439941
vt 0.84277344 0.12939453
vt 0.85009766 0.13183594
vt 0.84863281 0.13928223
vt 0.83789062 0.12194824
vt 0.84277344 0.1194458
vt 0.68017578 0.098632812
vt 0.68701172 0.095153809
vt 0.6875 0.099365234
vt 0.76074219 0.064025879
vt 0.76074219 0.074584961
vt 0.75097656 0.064086914
vt 0.76074219 0.053222656
vt 0.77050781 0.063720703
vt 0.77880859 0.063354492
vt 0.77929688 0.07409668
vt 0.77783203 0.052001953
vt 0.78710938 0.062408447
vt 0.79492188 0.062988281
vt 0.79589844 0.074279785
vt 0.79296875 0.051269531
vt 0.80175781 0.063110352
vt 0.78027344 0.083312988
vt 0.78857422 0.082885742
vt 0.77050781 0.082519531
vt 0.79980469 0.1015625
vt 0.79882812 0.093994141
vt 0.80908203 0.10345459
vt 0.83203125 0.08782959
vt 0.83398438 0.096679688
vt 0.82128906 0.08581543
vt 0.83007812 0.079589844
vt 0.84228516 0.090454102
vt 0.79785156 0.084777832
vt 0.80615234 0.085327148
vt 0.84863281 0.11853027
vt 0.84814453 0.11322021
vt 0.859375 0.11981201
vt 0.85400391 0.12597656
vt 0.875 0.10717773
vt 0.87353516 0.10998535
vt 0.86230469 0.10192871
vt 0.87646484 0.10021973
vt 0.88720703 0.10827637
vt 0.83056641 0.10327148
vt 0.84130859 0.10534668
vt 0.82226562 0.098754883
vt 0.81347656 0.084716797
vt 0.81542969 0.095214844
vt 0.81201172 0.075927734
vt 0.85595703 0.13098145
vt 0.85986328 0.13037109
vt 0.85644531 0.13623047
vt 0.8515625 0.10656738
vt 0.85253906 0.10168457
vt 0.859375 0.10961914
vt 0.86914062 0.12597656
vt 0.87060547 0.12109375
vt 0.88085938 0.13256836
vt 0.86962891 0.13134766
vt 0.86865234 0.13525391
vt 0.87841797 0.14160156
vt 0.86914062 0.14050293
vt 0.86767578 0.14343262
vt 0.87646484 0.1484375
vt 0.8671875 0.1472168
vt 0.859375 0.1394043
vt 0.87158203 0.11621094
vt 0.88427734 0.12145996
vt 0.67773438 0.11206055
vt 0.66894531 0.11657715
vt 0.671875 0.10736084
vt 0.68652344 0.10681152
vt 0.68359375 0.11602783
vt 0.87597656 0.090515137
vt 0.88818359 0.091674805
vt 0.86279297 0.092163086
vt 0.875 0.083496094
vt 0.89013672 0.1385498
vt 0.89160156 0.1328125
vt 0.89892578 0.14355469
vt 0.88867188 0.14355469
vt 0.88818359 0.14794922
vt 0.89746094 0.15380859
vt 0.88720703 0.15185547
vt 0.88671875 0.15478516
vt 0.89599609 0.16113281
vt 0.88525391 0.15771484
vt 0.89355469 0.12646484
vt 0.89453125 0.11962891
vt 0.90136719 0.13085938
vt 0.89550781 0.1126709
vt 0.89697266 0.10351562
vt 0.90429688 0.11486816
vt 0.89697266 0.093811035
vt 0.90039062 0.084655762
vt 0.90869141 0.096557617
vt 0.91162109 0.077514648
vt 0.91894531 0.07019043
vt 0.91894531 0.080078125
vt 0.89990234 0.074829102
vt 0.92675781 0.064086914
vt 0.93359375 0.059448242
vt 0.93261719 0.068054199
vt 0.91943359 0.061584473
vt 0.93994141 0.056152344
vt 0.9453125 0.053222656
vt 0.94433594 0.060516357
vt 0.93457031 0.052185059
vt 0.94970703 0.051391602
vt 0.95410156 0.048706055
vt 0.953125 0.054931641
vt 0.94580078 0.04699707
vt 0.90625 0.14648438
vt 0.90673828 0.14025879
vt 0.91210938 0.14892578
vt 0.90478516 0.15234375
vt 0.90527344 0.15673828
vt 0.91210938 0.15966797
vt 0.90429688 0.16113281
vt 0.90429688 0.16442871
vt 0.91210938 0.16748047
vt 0.90332031 0.16723633
vt 0.90771484 0.13330078
vt 0.90966797 0.12670898
vt 0.91503906 0.13598633
vt 0.91113281 0.11755371
vt 0.91357422 0.10852051
vt 0.91943359 0.12036133
vt 0.91699219 0.099365234
vt 0.92138672 0.091369629
vt 0.92626953 0.10333252
vt 0.92822266 0.083984375
vt 0.93457031 0.076538086
vt 0.93701172 0.08782959
vt 0.94140625 0.071899414
vt 0.94628906 0.067321777
vt 0.94873047 0.075805664
vt 0.95166016 0.064453125
vt 0.95507812 0.061553955
vt 0.95751953 0.068359375
vt 0.91992188 0.15087891
vt 0.91992188 0.14477539
vt 0.92675781 0.15307617
vt 0.91894531 0.15722656
vt 0.91894531 0.16113281
vt 0.92578125 0.16296387
vt 0.91894531 0.16552734
vt 0.921875 0.13818359
vt 0.92285156 0.13134766
vt 0.92773438 0.14013672
vt 0.92529297 0.12237549
vt 0.92822266 0.11364746
vt 0.93164062 0.12463379
vt 0.93261719 0.10559082
vt 0.93701172 0.098632812
vt 0.93896484 0.10888672
vt 0.94335938 0.091125488
vt 0.95019531 0.085144043
vt 0.95019531 0.095947266
vt 0.95507812 0.080566406
vt 0.96044922 0.076293945
vt 0.96191406 0.085693359
vt 0.96435547 0.073425293
vt 0.96777344 0.070922852
vt 0.97070312 0.078857422
vt 0.93261719 0.15380859
vt 0.93261719 0.14831543
vt 0.93847656 0.15515137
vt 0.93261719 0.15991211
vt 0.93261719 0.16357422
vt 0.93847656 0.16430664
vt 0.93212891 0.16748047
vt 0.93359375 0.14160156
vt 0.93457031 0.13549805
vt 0.93945312 0.14355469
vt 0.9375 0.12670898
vt 0.93994141 0.11877441
vt 0.94287109 0.12963867
vt 0.94433594 0.11181641
vt 0.94873047 0.10540771
vt 0.94970703 0.11529541
vt 0.95507812 0.09942627
vt 0.96044922 0.094360352
vt 0.95898438 0.1038208
vt 0.96582031 0.090087891
vt 0.97070312 0.087036133
vt 0.96972656 0.095703125
vt 0.97460938 0.084594727
vt 0.97851562 0.083068848
vt 0.97851562 0.091186523
vt 0.98144531 0.081054688
vt 0.98486328 0.079589844
vt 0.98632812 0.088256836
vt 0.97705078 0.07434082
vt 0.94384766 0.15527344
vt 0.94384766 0.1505127
vt 0.94921875 0.15625
vt 0.94384766 0.16088867
vt 0.94433594 0.16381836
vt 0.94921875 0.1640625
vt 0.94433594 0.16748047
vt 0.9453125 0.14440918
vt 0.94580078 0.13891602
vt 0.95019531 0.14599609
vt 0.94824219 0.13110352
vt 0.95019531 0.125
vt 0.953125 0.13439941
vt 0.95458984 0.11859131
vt 0.95849609 0.11413574
vt 0.95898438 0.12384033
vt 0.96386719 0.10906982
vt 0.96826172 0.1048584
vt 0.96777344 0.11523438
vt 0.97363281 0.10186768
vt 0.97802734 0.10009766
vt 0.9765625 0.10925293
vt 0.98193359 0.098571777
vt 0.98535156 0.098266602
vt 0.98486328 0.10705566
vt 0.95605469 0.15405273
vt 0.95458984 0.15087891
vt 0.96142578 0.15356445
vt 0.95605469 0.15893555
vt 0.95654297 0.16162109
vt 0.96337891 0.15942383
vt 0.95703125 0.16455078
vt 0.95800781 0.16674805
vt 0.96484375 0.16430664
vt 0.95849609 0.16943359
vt 0.95019531 0.1697998
vt 0.95556641 0.14538574
vt 0.95605469 0.14172363
vt 0.9609375 0.14660645
vt 0.95849609 0.13562012
vt 0.95996094 0.13208008
vt 0.96289062 0.1394043
vt 0.96386719 0.12768555
vt 0.96630859 0.12524414
vt 0.96679688 0.13354492
vt 0.97070312 0.12109375
vt 0.97363281 0.11804199
vt 0.97216797 0.12805176
vt 0.97802734 0.11621094
vt 0.98144531 0.11798096
vt 0.97851562 0.12670898
vt 0.98535156 0.11767578
vt 0.98828125 0.11889648
vt 0.984375 0.12988281
vt 0.96679688 0.15576172
vt 0.96777344 0.15844727
vt 0.96484375 0.15258789
vt 0.96923828 0.15161133
vt 0.96972656 0.16113281
vt 0.97314453 0.1574707
vt 0.97070312 0.16333008
vt 0.96582031 0.14208984
vt 0.96777344 0.13867188
vt 0.96875 0.14489746
vt 0.96435547 0.14562988
vt 0.97021484 0.13623047
vt 0.97265625 0.13317871
vt 0.97363281 0.13842773
vt 0.97558594 0.12988281
vt 0.97851562 0.13183594
vt 0.98144531 0.13317871
vt 0.98535156 0.13525391
vt 0.97949219 0.13745117
vt 0.97216797 0.14770508
vt 0.97412109 0.15100098
vt 0.97412109 0.14428711
vt 0.97607422 0.15380859
vt 0.97949219 0.14990234
vt 0.97851562 0.15649414
vt 0.98291016 0.14526367
vt 0.98535156 0.14794922
vt 0.97998047 0.14331055
vt 0.98583984 0.14135742
vt 0.9765625 0.14123535
vt 0.72900391 0.16894531
vt 0.72119141 0.17028809
vt 0.72753906 0.16052246
vt 0.73583984 0.16772461
vt 0.72949219 0.17749023
vt 0.67773438 0.18847656
vt 0.67236328 0.19165039
vt 0.67626953 0.18115234
vt 0.68310547 0.18579102
vt 0.6796875 0.19628906
vt 0.68896484 0.18261719
vt 0.68701172 0.17480469
vt 0.69482422 0.1796875
vt 0.69042969 0.19067383
vt 0.70117188 0.17700195
vt 0.69921875 0.16882324
vt 0.70751953 0.17443848
vt 0.70263672 0.18530273
vt 0.71679688 0.18798828
vt 0.72363281 0.18603516
vt 0.71777344 0.1953125
vt 0.70996094 0.18994141
vt 0.71582031 0.18078613
vt 0.73046875 0.18481445
vt 0.73730469 0.18359375
vt 0.73095703 0.19213867
vt 0.68066406 0.20263672
vt 0.68652344 0.20019531
vt 0.68164062 0.20947266
vt 0.67480469 0.20544434
vt 0.69189453 0.19750977
vt 0.69775391 0.19494629
vt 0.69335938 0.20458984
vt 0.70410156 0.19250488
vt 0.70507812 0.19958496
vt 0.71875 0.20556641
vt 0.72460938 0.20373535
vt 0.71923828 0.21594238
vt 0.71191406 0.20751953
vt 0.73144531 0.20263672
vt 0.73779297 0.20141602
vt 0.73144531 0.21289062
vt 0.68261719 0.21936035
vt 0.68847656 0.21716309
vt 0.68359375 0.22949219
vt 0.67675781 0.22180176
vt 0.69433594 0.21459961
vt 0.70019531 0.2121582
vt 0.6953125 0.22485352
vt 0.70605469 0.2097168
vt 0.70703125 0.22009277
vt 0.71972656 0.22558594
vt 0.72558594 0.22363281
vt 0.71972656 0.23510742
vt 0.71337891 0.22741699
vt 0.73193359 0.22241211
vt 0.73828125 0.22119141
vt 0.73242188 0.23193359
vt 0.68457031 0.23925781
vt 0.68994141 0.23706055
vt 0.68505859 0.24902344
vt 0.67871094 0.24145508
vt 0.69580078 0.23461914
vt 0.70166016 0.23217773
vt 0.69628906 0.24438477
vt 0.70751953 0.22973633
vt 0.70800781 0.23950195
vt 0.72070312 0.24401855
vt 0.7265625 0.24182129
vt 0.72070312 0.25268555
vt 0.71435547 0.24597168
vt 0.73242188 0.24060059
vt 0.73828125 0.23925781
vt 0.73242188 0.24902344
vt 0.68603516 0.25878906
vt 0.69140625 0.25634766
vt 0.68701172 0.26855469
vt 0.68066406 0.26123047
vt 0.69726562 0.25390625
vt 0.70263672 0.2512207
vt 0.69775391 0.26318359
vt 0.70898438 0.2487793
vt 0.70898438 0.2578125
vt 0.72167969 0.26074219
vt 0.72705078 0.25805664
vt 0.72167969 0.26831055
vt 0.71533203 0.26293945
vt 0.73339844 0.2565918
vt 0.73925781 0.25488281
vt 0.73339844 0.26391602
vt 0.68798828 0.27807617
vt 0.69335938 0.27490234
vt 0.68896484 0.28686523
vt 0.68261719 0.28051758
vt 0.69873047 0.27197266
vt 0.70410156 0.26904297
vt 0.69921875 0.28076172
vt 0.70996094 0.26611328
vt 0.71044922 0.27441406
vt 0.72265625 0.27685547
vt 0.72802734 0.27392578
vt 0.72314453 0.28515625
vt 0.71679688 0.27954102
vt 0.734375 0.27246094
vt 0.74023438 0.27026367
vt 0.73486328 0.28027344
vt 0.69042969 0.296875
vt 0.69482422 0.29345703
vt 0.69091797 0.30664062
vt 0.68505859 0.30004883
vt 0.70019531 0.2902832
vt 0.70605469 0.28613281
vt 0.70117188 0.29882812
vt 0.71142578 0.28295898
vt 0.71191406 0.29150391
vt 0.72363281 0.28857422
vt 0.72949219 0.28564453
vt 0.72460938 0.29199219
vt 0.71826172 0.29150391
vt 0.73535156 0.28369141
vt 0.74121094 0.28149414
vt 0.73535156 0.28686523
vt 0.74609375 0.28076172
vt 0.75097656 0.28027344
vt 0.74609375 0.28417969
vt 0.74609375 0.27783203
vt 0.69238281 0.31176758
vt 0.69628906 0.30859375
vt 0.69287109 0.31738281
vt 0.68798828 0.31542969
vt 0.70166016 0.3046875
vt 0.70751953 0.29882812
vt 0.70214844 0.30859375
vt 0.71289062 0.29541016
vt 0.71386719 0.29882812
vt 0.72509766 0.29443359
vt 0.72998047 0.29150391
vt 0.72558594 0.296875
vt 0.71972656 0.29711914
vt 0.73583984 0.28955078
vt 0.74121094 0.28710938
vt 0.73583984 0.29199219
vt 0.69433594 0.32128906
vt 0.69824219 0.31835938
vt 0.69580078 0.32495117
vt 0.69042969 0.32421875
vt 0.70410156 0.3125
vt 0.70849609 0.30566406
vt 0.70458984 0.31542969
vt 0.71386719 0.30175781
vt 0.71484375 0.30419922
vt 0.72558594 0.29882812
vt 0.73046875 0.29614258
vt 0.72558594 0.30078125
vt 0.72070312 0.30151367
vt 0.69677734 0.32714844
vt 0.69824219 0.32958984
vt 0.6953125 0.33447266
vt 0.73632812 0.29394531
vt 0.74121094 0.29174805
vt 0.73632812 0.29589844
vt 0.70507812 0.31787109
vt 0.70947266 0.31103516
vt 0.70556641 0.3203125
vt 0.70068359 0.32470703
vt 0.71484375 0.30639648
vt 0.71582031 0.30834961
vt 0.52929688 0.12744141
vt 0.53027344 0.13110352
vt 0.52587891 0.12915039
vt 0.52880859 0.12371826
vt 0.53320312 0.12573242
vt 0.72558594 0.30322266
vt 0.73046875 0.30029297
vt 0.72558594 0.30541992
vt 0.72070312 0.30615234
vt 0.69287109 0.33007812
vt 0.73632812 0.29785156
vt 0.74169922 0.2956543
vt 0.73632812 0.29980469
vt 0.70703125 0.32128906
vt 0.71044922 0.31616211
vt 0.70800781 0.32421875
vt 0.703125 0.32861328
vt 0.7265625 0.30786133
vt 0.73095703 0.30444336
vt 0.72705078 0.31005859
vt 0.72167969 0.31103516
vt 0.71533203 0.31103516
vt 0.71582031 0.31396484
vt 0.70898438 0.32714844
vt 0.70898438 0.33081055
vt 0.71191406 0.32202148
vt 0.70068359 0.33520508
vt 0.73632812 0.30224609
vt 0.74169922 0.29980469
vt 0.73681641 0.30444336
vt 0.71679688 0.31689453
vt 0.71777344 0.31933594
vt 0.70410156 0.34277344
vt 0.70605469 0.34594727
vt 0.70214844 0.34619141
vt 0.70703125 0.33935547
vt 0.69873047 0.33203125
vt 0.69824219 0.33984375
vt 0.72753906 0.3137207
vt 0.73242188 0.31005859
vt 0.72851562 0.31738281
vt 0.72314453 0.31713867
vt 0.79296875 0.32958984
vt 0.79199219 0.33251953
vt 0.79589844 0.34521484
vt 0.79394531 0.34130859
vt 0.79833984 0.34863281
vt 0.73779297 0.30810547
vt 0.7421875 0.30639648
vt 0.73779297 0.31201172
vt 0.71044922 0.33349609
vt 0.71386719 0.328125
vt 0.71191406 0.33691406
vt 0.71875 0.32226562
vt 0.71972656 0.32617188
vt 0.70019531 0.34912109
vt 0.69873047 0.34570312
vt 0.70214844 0.35131836
vt 0.69921875 0.35083008
vt 0.72949219 0.32080078
vt 0.73388672 0.31762695
vt 0.73046875 0.32470703
vt 0.72509766 0.32446289
vt 0.73828125 0.31591797
vt 0.74267578 0.31445312
vt 0.73876953 0.31982422
vt 0.71337891 0.33911133
vt 0.71679688 0.33422852
vt 0.71484375 0.34204102
vt 0.70996094 0.34472656
vt 0.72119141 0.32910156
vt 0.72216797 0.33251953
vt 0.70800781 0.34814453
vt 0.70996094 0.3503418
vt 0.70556641 0.3515625
vt 0.73144531 0.328125
vt 0.73535156 0.32568359
vt 0.73242188 0.33227539
vt 0.72753906 0.33154297
vt 0.73925781 0.32397461
vt 0.74316406 0.32275391
vt 0.74023438 0.32836914
vt 0.74707031 0.32226562
vt 0.75097656 0.32177734
vt 0.74707031 0.32666016
vt 0.74707031 0.31787109
vt 0.71777344 0.34423828
vt 0.72021484 0.33984375
vt 0.71972656 0.34667969
vt 0.71435547 0.34912109
vt 0.72412109 0.33520508
vt 0.72558594 0.33862305
vt 0.71240234 0.35205078
vt 0.71484375 0.35424805
vt 0.70996094 0.35546875
vt 0.734375 0.33544922
vt 0.73730469 0.33398438
vt 0.73535156 0.33984375
vt 0.73046875 0.33813477
vt 0.74121094 0.33276367
vt 0.74414062 0.33203125
vt 0.74169922 0.33764648
vt 0.74804688 0.33154297
vt 0.75097656 0.33129883
vt 0.74804688 0.33666992
vt 0.72314453 0.34863281
vt 0.72460938 0.34472656
vt 0.72558594 0.35083008
vt 0.72021484 0.35302734
vt 0.72802734 0.34082031
vt 0.72949219 0.34423828
vt 0.71923828 0.35595703
vt 0.72265625 0.35766602
vt 0.71679688 0.35888672
vt 0.73632812 0.3425293
vt 0.73925781 0.34375
vt 0.73779297 0.34814453
vt 0.73339844 0.34399414
vt 0.74316406 0.34326172
vt 0.74609375 0.34228516
vt 0.74365234 0.34863281
vt 0.73046875 0.3515625
vt 0.73046875 0.34960938
vt 0.73339844 0.35424805
vt 0.72851562 0.35546875
vt 0.73291016 0.34667969
vt 0.734375 0.34936523
vt 0.72705078 0.3581543
vt 0.73144531 0.35888672
vt 0.72558594 0.36108398
vt 0.73535156 0.35742188
vt 0.73828125 0.35595703
vt 0.74072266 0.35693359
vt 0.73730469 0.35058594
vt 0.74511719 0.3515625
vt 0.74707031 0.35058594
vt 0.74560547 0.35449219
vt 0.7421875 0.35229492
vt 0.73535156 0.359375
vt 0.73779297 0.36035156
vt 0.73388672 0.36181641
vt 0.79052734 0.33496094
vt 0.74658203 0.35595703
vt 0.74902344 0.35498047
vt 0.74853516 0.35742188
vt 0.74511719 0.35693359
vt 0.75097656 0.35498047
vt 0.74902344 0.35327148
vt 0.74169922 0.35839844
vt 0.7421875 0.36035156
vt 0.71191406 0.15405273
vt 0.70410156 0.15625
vt 0.70947266 0.14428711
vt 0.71875 0.15197754
vt 0.71289062 0.16394043
vt 0.72705078 0.15063477
vt 0.72558594 0.140625
vt 0.734375 0.14916992
vt 0.74316406 0.14868164
vt 0.7421875 0.13879395
vt 0.75097656 0.14819336
vt 0.74316406 0.15869141
vt 0.67382812 0.17211914
vt 0.66894531 0.17602539
vt 0.671875 0.16381836
vt 0.67871094 0.16894531
vt 0.68457031 0.16540527
vt 0.68261719 0.15649414
vt 0.69042969 0.16223145
vt 0.69726562 0.15905762
vt 0.69482422 0.1496582
vt 0.70849609 0.13317871
vt 0.69921875 0.13549805
vt 0.70605469 0.12225342
vt 0.71630859 0.13098145
vt 0.72509766 0.12988281
vt 0.72363281 0.11871338
vt 0.73339844 0.12841797
vt 0.7421875 0.12805176
vt 0.7421875 0.1171875
vt 0.75097656 0.12756348
vt 0.66894531 0.15405273
vt 0.66455078 0.15856934
vt 0.66650391 0.14501953
vt 0.67382812 0.15026855
vt 0.67919922 0.14599609
vt 0.67626953 0.13623047
vt 0.68505859 0.14233398
vt 0.69238281 0.13867188
vt 0.68945312 0.1282959
vt 0.70507812 0.11553955
vt 0.69482422 0.11773682
vt 0.703125 0.10864258
vt 0.71386719 0.11315918
vt 0.72363281 0.11242676
vt 0.72265625 0.10571289
vt 0.73242188 0.11126709
vt 0.7421875 0.11120605
vt 0.74169922 0.1048584
vt 0.75097656 0.11083984
vt 0.66259766 0.14074707
vt 0.65917969 0.14575195
vt 0.65966797 0.13696289
vt 0.66699219 0.13623047
vt 0.67236328 0.13085938
vt 0.66845703 0.12658691
vt 0.67773438 0.12658691
vt 0.68701172 0.12139893
vt 0.69335938 0.10333252
vt 0.72265625 0.098693848
vt 0.71337891 0.099365234
vt 0.72265625 0.091552734
vt 0.73242188 0.097961426
vt 0.74169922 0.09777832
vt 0.74169922 0.090698242
vt 0.75097656 0.09765625
vt 0.65380859 0.13427734
vt 0.65234375 0.14013672
vt 0.64990234 0.13244629
vt 0.65722656 0.12939453
vt 0.66308594 0.12194824
vt 0.65722656 0.1192627
vt 0.70898438 0.062866211
vt 0.70654297 0.07434082
vt 0.70068359 0.063354492
vt 0.70996094 0.051574707
vt 0.71582031 0.0625
vt 0.72460938 0.062866211
vt 0.72363281 0.07421875
vt 0.72460938 0.051879883
vt 0.73242188 0.063598633
vt 0.85253906 0.090698242
vt 0.85107422 0.083679199
vt 0.85449219 0.098876953
vt 0.69335938 0.065368652
vt 0.69042969 0.07598877
vt 0.68603516 0.06652832
vt 0.69580078 0.053955078
vt 0.70605469 0.083496094
vt 0.71386719 0.083007812
vt 0.70410156 0.093994141
vt 0.69628906 0.085327148
vt 0.72363281 0.082397461
vt 0.73242188 0.082763672
vt 0.67089844 0.088256836
vt 0.67285156 0.079589844
vt 0.68115234 0.08581543
vt 0.66845703 0.096435547
vt 0.66015625 0.090209961
vt 0.66894531 0.10058594
vt 0.66015625 0.10510254
vt 0.68847656 0.086486816
vt 0.64697266 0.12091064
vt 0.64648438 0.12658691
vt 0.64160156 0.12078857
vt 0.65283203 0.11352539
vt 0.64550781 0.13183594
vt 0.64013672 0.13171387
vt 0.64404297 0.13757324
vt 0.65234375 0.10839844
vt 0.64160156 0.11004639
vt 0.64941406 0.10168457
vt 0.64941406 0.091430664
vt 0.65234375 0.083374023
vt 0.64746094 0.098632812
vt 0.63964844 0.091796875
vt 0.63964844 0.10198975
vt 0.62939453 0.13745117
vt 0.62988281 0.14172363
vt 0.61962891 0.14233398
vt 0.62988281 0.13232422
vt 0.62890625 0.12695312
vt 0.61816406 0.1328125
vt 0.62939453 0.12127686
vt 0.62744141 0.10223389
vt 0.62792969 0.10949707
vt 0.61425781 0.10681152
vt 0.62597656 0.099243164
vt 0.62744141 0.092041016
vt 0.61474609 0.089355469
vt 0.62841797 0.08190918
vt 0.63330078 0.071411133
vt 0.62207031 0.069702148
vt 0.63964844 0.061767578
vt 0.64599609 0.074035645
vt 0.62841797 0.11462402
vt 0.61572266 0.12072754
vt 0.60888672 0.1472168
vt 0.60888672 0.1517334
vt 0.59765625 0.15234375
vt 0.60839844 0.14294434
vt 0.60791016 0.13684082
vt 0.59716797 0.14172363
vt 0.60693359 0.1315918
vt 0.60302734 0.09173584
vt 0.60498047 0.10119629
vt 0.59423828 0.093444824
vt 0.60400391 0.081665039
vt 0.60546875 0.10852051
vt 0.60546875 0.11779785
vt 0.59619141 0.11224365
vt 0.60693359 0.12451172
vt 0.59667969 0.12866211
vt 0.5703125 0.050048828
vt 0.57470703 0.053436279
vt 0.56494141 0.053283691
vt 0.56445312 0.046142578
vt 0.57421875 0.046325684
vt 0.58203125 0.060302734
vt 0.58789062 0.065673828
vt 0.57470703 0.062042236
vt 0.58740234 0.057098389
vt 0.59814453 0.073364258
vt 0.58642578 0.075683594
vt 0.60546875 0.071655273
vt 0.58984375 0.15429688
vt 0.58837891 0.15869141
vt 0.58056641 0.15588379
vt 0.58984375 0.1496582
vt 0.58984375 0.14331055
vt 0.58203125 0.1451416
vt 0.58984375 0.13720703
vt 0.58496094 0.096252441
vt 0.58789062 0.10473633
vt 0.57617188 0.098144531
vt 0.58300781 0.086791992
vt 0.58789062 0.11413574
vt 0.58886719 0.12335205
vt 0.58007812 0.11584473
vt 0.58886719 0.13037109
vt 0.58203125 0.13195801
vt 0.55859375 0.055908203
vt 0.56201172 0.059204102
vt 0.55126953 0.05847168
vt 0.55419922 0.052520752
vt 0.56738281 0.06463623
vt 0.57177734 0.069885254
vt 0.55859375 0.067077637
vt 0.57763672 0.078125
vt 0.56835938 0.080932617
vt 0.57275391 0.15637207
vt 0.57226562 0.16015625
vt 0.56542969 0.15625
vt 0.57421875 0.15197754
vt 0.57470703 0.14599609
vt 0.56689453 0.14648438
vt 0.57519531 0.13964844
vt 0.56933594 0.10009766
vt 0.57275391 0.10791016
vt 0.56298828 0.10137939
vt 0.56640625 0.09161377
vt 0.57373047 0.11712646
vt 0.57470703 0.1262207
vt 0.56738281 0.11816406
vt 0.57519531 0.13305664
vt 0.56787109 0.13391113
vt 0.54443359 0.062255859
vt 0.54736328 0.065307617
vt 0.53759766 0.065795898
vt 0.54150391 0.058898926
vt 0.55175781 0.070556641
vt 0.55615234 0.075805664
vt 0.54492188 0.074035645
vt 0.56152344 0.084411621
vt 0.5546875 0.086425781
vt 0.55761719 0.16259766
vt 0.55664062 0.16552734
vt 0.55029297 0.16125488
vt 0.55810547 0.15917969
vt 0.56445312 0.16345215
vt 0.55908203 0.15576172
vt 0.55224609 0.15478516
vt 0.55957031 0.15185547
vt 0.56054688 0.14672852
vt 0.55419922 0.14611816
vt 0.56152344 0.14074707
vt 0.55712891 0.1036377
vt 0.56054688 0.11083984
vt 0.55126953 0.10534668
vt 0.55371094 0.09588623
vt 0.56103516 0.11987305
vt 0.56201172 0.12792969
vt 0.55517578 0.12072754
vt 0.56152344 0.13476562
vt 0.55566406 0.13476562
vt 0.53222656 0.071166992
vt 0.53564453 0.073425293
vt 0.52734375 0.075683594
vt 0.52929688 0.068054199
vt 0.54003906 0.078613281
vt 0.54492188 0.082641602
vt 0.53564453 0.08203125
vt 0.54980469 0.08984375
vt 0.54394531 0.092041016
vt 0.546875 0.15368652
vt 0.54589844 0.15649414
vt 0.54150391 0.15209961
vt 0.54785156 0.15026855
vt 0.54882812 0.14575195
vt 0.54345703 0.14465332
vt 0.54980469 0.14050293
vt 0.54589844 0.109375
vt 0.54882812 0.11468506
vt 0.54003906 0.1114502
vt 0.54248047 0.10217285
vt 0.54931641 0.12280273
vt 0.55029297 0.12915039
vt 0.54394531 0.12304688
vt 0.55029297 0.13513184
vt 0.54443359 0.13476562
vt 0.52294922 0.083129883
vt 0.52636719 0.084350586
vt 0.51855469 0.089416504
vt 0.51953125 0.080810547
vt 0.53076172 0.088317871
vt 0.53515625 0.091064453
vt 0.52587891 0.093383789
vt 0.5390625 0.097167969
vt 0.53369141 0.10119629
vt 0.53515625 0.1484375
vt 0.53369141 0.15075684
vt 0.52832031 0.14428711
vt 0.53613281 0.14550781
vt 0.53808594 0.14282227
vt 0.53173828 0.13916016
vt 0.5390625 0.13830566
vt 0.53613281 0.11633301
vt 0.53808594 0.11938477
vt 0.53076172 0.11895752
vt 0.53320312 0.11108398
vt 0.53857422 0.12573242
vt 0.5390625 0.12939453
vt 0.5390625 0.13476562
vt 0.53369141 0.13293457
vt 0.50976562 0.09967041
vt 0.51269531 0.099853516
vt 0.5078125 0.11132812
vt 0.50683594 0.098754883
vt 0.51171875 0.087280273
vt 0.51611328 0.10107422
vt 0.51904297 0.10064697
vt 0.51367188 0.11108398
vt 0.5234375 0.10339355
vt 0.52734375 0.10266113
vt 0.52050781 0.10986328
vt 0.53076172 0.10766602
vt 0.52685547 0.11254883
vt 0.52734375 0.13977051
vt 0.52441406 0.14233398
vt 0.52441406 0.13549805
vt 0.52832031 0.13745117
vt 0.52685547 0.12011719
vt 0.52294922 0.12188721
vt 0.52490234 0.11712646
vt 0.53027344 0.13476562
vt 0.96337891 0.14929199
vt 0.51513672 0.11578369
vt 0.51904297 0.11450195
vt 0.51757812 0.11962891
vt 0.51171875 0.11621094
vt 0.52294922 0.11328125
vt 0.52246094 0.13134766
vt 0.51953125 0.13391113
vt 0.52148438 0.12756348
vt 0.51953125 0.1239624
vt 0.515625 0.12524414
vt 0.74902344 0.35864258
vt 0.74658203 0.359375
vt 0.7421875 0.36132812
vt 0.71386719 0.17236328
vt 0.73876953 0.35351562
vt 0.80029297 0.30419922
vt 0.81494141 0.099365234
vt 0.75878906 0.1673584
vt 0.75097656 0.16674805
vt 0.75878906 0.15869141
vt 0.75830078 0.17602539
vt 0.75830078 0.18334961
vt 0.7578125 0.19091797
vt 0.75097656 0.18286133
vt 0.83300781 0.20874023
vt 0.83886719 0.21069336
vt 0.83203125 0.21508789
vt 0.7578125 0.20129395
vt 0.75732422 0.21166992
vt 0.75097656 0.20068359
vt 0.83105469 0.22509766
vt 0.83691406 0.22680664
vt 0.75732422 0.22106934
vt 0.75732422 0.23046875
vt 0.75097656 0.22058105
vt 0.75732422 0.23901367
vt 0.75097656 0.23840332
vt 0.82763672 0.26464844
vt 0.83300781 0.2668457
vt 0.82617188 0.27490234
vt 0.82519531 0.28491211
vt 0.82958984 0.28759766
vt 0.82324219 0.29541016
vt 0.75683594 0.26977539
vt 0.75585938 0.27783203
vt 0.75097656 0.26904297
vt 0.82128906 0.3059082
vt 0.82421875 0.30859375
vt 0.81787109 0.31640625
vt 0.75585938 0.28100586
vt 0.75585938 0.28417969
vt 0.81640625 0.32128906
vt 0.81884766 0.32373047
vt 0.75585938 0.28662109
vt 0.75585938 0.28930664
vt 0.75097656 0.28613281
vt 0.80664062 0.34033203
vt 0.80810547 0.34375
vt 0.80517578 0.34301758
vt 0.80810547 0.33813477
vt 0.75585938 0.29101562
vt 0.75585938 0.29296875
vt 0.75097656 0.29052734
vt 0.80322266 0.34594727
vt 0.8046875 0.34887695
vt 0.80126953 0.34838867
vt 0.80957031 0.33544922
vt 0.81152344 0.33837891
vt 0.75585938 0.29492188
vt 0.75585938 0.296875
vt 0.75097656 0.29394531
vt 0.75585938 0.29931641
vt 0.75537109 0.30151367
vt 0.75097656 0.29833984
vt 0.79980469 0.3515625
vt 0.80078125 0.35351562
vt 0.79785156 0.35375977
vt 0.75537109 0.30566406
vt 0.75537109 0.30957031
vt 0.75097656 0.30493164
vt 0.75537109 0.31396484
vt 0.75488281 0.31787109
vt 0.75097656 0.31323242
vt 0.79589844 0.35571289
vt 0.796875 0.35742188
vt 0.75488281 0.32226562
vt 0.75439453 0.32666016
vt 0.75439453 0.33154297
vt 0.75390625 0.33666992
vt 0.78320312 0.36181641
vt 0.78369141 0.36328125
vt 0.77832031 0.36279297
vt 0.75390625 0.34228516
vt 0.75292969 0.34765625
vt 0.75097656 0.34179688
vt 0.77441406 0.36303711
vt 0.77441406 0.36425781
vt 0.77001953 0.36279297
vt 0.76660156 0.36010742
vt 0.76660156 0.36181641
vt 0.76269531 0.36035156
vt 0.76611328 0.36303711
vt 0.75292969 0.3503418
vt 0.75292969 0.35302734
vt 0.75097656 0.35009766
vt 0.75976562 0.3581543
vt 0.75683594 0.35644531
vt 0.75927734 0.35986328
vt 0.75439453 0.35595703
vt 0.75341797 0.35742188
vt 0.75292969 0.35498047
vt 0.75976562 0.14868164
vt 0.75976562 0.13879395
vt 0.76025391 0.12792969
vt 0.76025391 0.1171875
vt 0.76074219 0.11083984
vt 0.76074219 0.10479736
vt 0.76074219 0.09765625
vt 0.76074219 0.090576172
vt 0.84912109 0.14331055
vt 0.85302734 0.14086914
vt 0.8515625 0.14794922
vt 0.76074219 0.082580566
vt 0.75097656 0.082519531
vt 0.85546875 0.14001465
vt 0.85644531 0.14404297
vt 0.94580078 0.03894043
vt 0.94091797 0.040771484
vt 0.9453125 0.032531738
vt 0.95019531 0.038757324
vt 0.95947266 0.058837891
vt 0.96289062 0.056274414
vt 0.96484375 0.062866211
vt 0.91894531 0.16894531
vt 0.92578125 0.17041016
vt 0.91845703 0.17224121
vt 0.97119141 0.068359375
vt 0.97412109 0.06628418
vt 0.93261719 0.1706543
vt 0.93847656 0.17114258
vt 0.93212891 0.17407227
vt 0.94433594 0.17016602
vt 0.94482422 0.17333984
vt 0.98925781 0.096801758
vt 0.9921875 0.096801758
vt 0.99169922 0.10681152
vt 0.99121094 0.11895752
vt 0.99414062 0.11956787
vt 0.99023438 0.13171387
vt 0.98779297 0.13598633
vt 0.99072266 0.13781738
vt 0.75488281 0.35913086
vt 0.75292969 0.35839844
vt 0.75878906 0.36132812
vt 0.74365234 0.16723633
vt 0.74365234 0.17578125
vt 0.66699219 0.19384766
vt 0.66162109 0.1965332
vt 0.66601562 0.18701172
vt 0.66796875 0.20117188
vt 0.74414062 0.18322754
vt 0.74414062 0.19067383
vt 0.66894531 0.20739746
vt 0.67041016 0.21386719
vt 0.66357422 0.20959473
vt 0.74462891 0.2010498
vt 0.74462891 0.21142578
vt 0.67138672 0.22351074
vt 0.671875 0.23339844
vt 0.66552734 0.22546387
vt 0.74462891 0.22094727
vt 0.74462891 0.23034668
vt 0.67285156 0.24316406
vt 0.67382812 0.25292969
vt 0.66699219 0.24487305
vt 0.74511719 0.23876953
vt 0.74511719 0.24731445
vt 0.67480469 0.26293945
vt 0.67578125 0.27294922
vt 0.66894531 0.26464844
vt 0.74511719 0.25439453
vt 0.74511719 0.26171875
vt 0.67773438 0.28320312
vt 0.67871094 0.29272461
vt 0.671875 0.28515625
vt 0.74609375 0.26977539
vt 0.68164062 0.30273438
vt 0.68310547 0.31274414
vt 0.67675781 0.30541992
vt 0.68505859 0.31762695
vt 0.68652344 0.32275391
vt 0.68164062 0.3203125
vt 0.74609375 0.28662109
vt 0.74609375 0.2890625
vt 0.6875 0.32641602
vt 0.68945312 0.33007812
vt 0.68554688 0.32861328
vt 0.69384766 0.33789062
vt 0.6953125 0.34008789
vt 0.69189453 0.34057617
vt 0.69238281 0.33496094
vt 0.74609375 0.29101562
vt 0.74609375 0.29296875
vt 0.69677734 0.34277344
vt 0.6953125 0.34594727
vt 0.69042969 0.33227539
vt 0.68847656 0.33496094
vt 0.74609375 0.29492188
vt 0.74609375 0.296875
vt 0.74658203 0.29907227
vt 0.74658203 0.30151367
vt 0.74658203 0.30566406
vt 0.74658203 0.30981445
vt 0.70410156 0.35302734
vt 0.70605469 0.35522461
vt 0.703125 0.35498047
vt 0.74707031 0.3137207
vt 0.70898438 0.35693359
vt 0.71191406 0.35888672
vt 0.70800781 0.35839844
vt 0.71679688 0.36035156
vt 0.72070312 0.36181641
vt 0.71582031 0.36181641
vt 0.72558594 0.36230469
vt 0.73046875 0.36279297
vt 0.72558594 0.36352539
vt 0.74902344 0.34204102
vt 0.74902344 0.34765625
vt 0.73388672 0.36279297
vt 0.74902344 0.35058594
vt 0.6640625 0.17871094
vt 0.65966797 0.18212891
vt 0.66308594 0.17102051
vt 0.66015625 0.1619873
vt 0.65722656 0.16650391
vt 0.65917969 0.15405273
vt 0.65625 0.15014648
vt 0.65380859 0.15466309
vt 0.65429688 0.14648438
vt 0.65039062 0.14453125
vt 0.64941406 0.1484375
vt 0.64746094 0.14208984
vt 0.74169922 0.082763672
vt 0.74121094 0.074584961
vt 0.64355469 0.14135742
vt 0.64404297 0.14501953
vt 0.64013672 0.140625
vt 0.63037109 0.14526367
vt 0.63134766 0.1484375
vt 0.62109375 0.14953613
vt 0.56347656 0.034973145
vt 0.56347656 0.04095459
vt 0.55859375 0.033508301
vt 0.5625 0.027389526
vt 0.56787109 0.034851074
vt 0.609375 0.15478516
vt 0.60986328 0.15771484
vt 0.59765625 0.15991211
vt 0.56103516 0.043579102
vt 0.55712891 0.047302246
vt 0.55615234 0.04208374
vt 0.58837891 0.16162109
vt 0.58837891 0.16479492
vt 0.57910156 0.16357422
vt 0.55175781 0.049743652
vt 0.54541016 0.052368164
vt 0.54833984 0.047149658
vt 0.57177734 0.16333008
vt 0.57128906 0.16674805
vt 0.5390625 0.056335449
vt 0.53222656 0.060089111
vt 0.53613281 0.053527832
vt 0.52636719 0.065856934
vt 0.52099609 0.071228027
vt 0.52392578 0.063232422
vt 0.54492188 0.15966797
vt 0.54394531 0.16210938
vt 0.5390625 0.15734863
vt 0.51611328 0.07989502
vt 0.51318359 0.077697754
vt 0.53271484 0.15319824
vt 0.53125 0.1550293
vt 0.52587891 0.1484375
vt 0.52294922 0.14416504
vt 0.52050781 0.1463623
vt 0.51953125 0.14038086
vt 0.50878906 0.1171875
vt 0.51025391 0.12194824
vt 0.50585938 0.11706543
vt 0.51611328 0.13586426
vt 0.51416016 0.13806152
vt 0.51416016 0.1315918
vt 0.51220703 0.12719727
vt 0.50878906 0.1282959
vt 0.80908203 0.065185547
vt 0.81689453 0.06628418
vt 0.80712891 0.053527832
vt 0.82519531 0.068786621
vt 0.8359375 0.071411133
vt 0.82275391 0.058105469
vt 0.84667969 0.073181152
vt 0.85742188 0.074645996
vt 0.84179688 0.06237793
vt 0.86914062 0.073791504
vt 0.88232422 0.072143555
vt 0.86474609 0.063293457
vt 0.91699219 0.052734375
vt 0.92480469 0.046630859
vt 0.90576172 0.059661865
vt 0.91113281 0.044708252
vt 0.89404297 0.066772461
vt 0.88818359 0.057037354
vt 0.67773438 0.068969727
vt 0.68066406 0.058380127
vt 0.66748047 0.071472168
vt 0.65673828 0.072753906
vt 0.57714844 0.037414551
vt 0.58300781 0.041320801
vt 0.57617188 0.029830933
vt 0.59326172 0.04901123
vt 0.60058594 0.055877686
vt 0.59570312 0.040100098
vt 0.61132812 0.062011719
vt 0.6171875 0.053955078
vt 0.93457031 0.044128418
vt 0.93164062 0.035247803
vt 0.953125 0.021606445
vt 0.94824219 0.021774292
vt 0.74121094 0.064086914
vt 0.74169922 0.053070068
vt 0.55859375 0.017211914
vt 0.55419922 0.017349243
vt 0.70410156 0.10113525
vt 0.79150391 0.037261963
vt 0.78466797 0.037078857
vt 0.79199219 0.019668579
vt 0.80029297 0.033874512
vt 0.57519531 0.015533447
vt 0.58447266 0.018112183
vt 0.56689453 0.0054931641
vt 0.59863281 0.028411865
vt 0.60888672 0.036102295
vt 0.59765625 0.01410675
vt 0.74169922 0.040557861
vt 0.75097656 0.041046143
vt 0.73339844 0.039337158
vt 0.74316406 0.027313232
vt 0.64355469 0.052978516
vt 0.63330078 0.050750732
vt 0.64892578 0.043640137
vt 0.93896484 0.024307251
vt 0.92285156 0.023712158
vt 0.93945312 0.010238647
vt 0.69580078 0.041625977
vt 0.68847656 0.043640137
vt 0.69482422 0.024398804
vt 0.70214844 0.034729004
vt 0.68164062 0.049072266
vt 0.68164062 0.036773682
vt 0.88574219 0.045532227
vt 0.89794922 0.040130615
vt 0.87158203 0.053039551
vt 0.88085938 0.036132812
vt 0.859375 0.053894043
vt 0.84912109 0.05480957
vt 0.85595703 0.044555664
vt 0.83837891 0.053009033
vt 0.82958984 0.051269531
vt 0.83691406 0.043701172
vt 0.82128906 0.04876709
vt 0.81445312 0.043029785
vt 0.82128906 0.036193848
vt 0.80712891 0.04095459
vt 0.80761719 0.023345947
vt 0.70898438 0.034332275
vt 0.70996094 0.020355225
vt 0.71777344 0.037200928
vt 0.72558594 0.037902832
vt 0.7265625 0.024658203
vt 0.62207031 0.044616699
vt 0.625 0.032897949
vt 0.76074219 0.040740967
vt 0.75878906 0.027862549
vt 0.76855469 0.040039062
vt 0.77636719 0.039123535
vt 0.77539062 0.025115967
vt 0.91210938 0.030639648
vt 0.90966797 0.01914978
vt 0.80078125 0.016281128
vt 0.80761719 0.023345947
vt 0.79199219 0.019668579
vt 0.77539062 0.025115967
vt 0.78417969 0.021728516
vt 0.76708984 0.027160645
vt 0.75878906 0.027862549
vt 0.75878906 0.027862549
vt 0.75097656 0.028549194
vt 0.74316406 0.027313232
vt 0.73486328 0.026092529
vt 0.74316406 0.027313232
vt 0.7265625 0.024658203
vt 0.70996094 0.020355225
vt 0.71777344 0.021789551
vt 0.70117188 0.017486572
vt 0.69482422 0.024398804
vt 0.68798828 0.02986145
vt 0.68017578 0.031677246
vt 0.65917969 0.045837402
vt 0.68017578 0.031677246
vt 0.64892578 0.043640137
vt 0.63525391 0.035125732
vt 0.61132812 0.024398804
vt 0.63525391 0.035125732
vt 0.59765625 0.01410675
vt 0.76953125 0.0073242188
vt 0.78369141 0.017608643
vt 0.76953125 0.0073242188
vt 0.95605469 0.010826111
vt 0.93945312 0.010238647
vt 0.90966797 0.01914978
vt 0.92578125 0.019729614
vt 0.89550781 0.028640747
vt 0.88085938 0.036132812
vt 0.85595703 0.044555664
vt 0.87060547 0.03704834
vt 0.84570312 0.045440674
vt 0.83691406 0.043701172
vt 0.83007812 0.03793335
vt 0.82324219 0.030853271
vt 0.65820312 0.045623779
vt 0.66552734 0.041137695
vt 0.67529297 0.035369873
vt 0.68359375 0.029586792
vt 0.69384766 0.022720337
vt 0.70458984 0.019256592
vt 0.71484375 0.021194458
vt 0.73144531 0.026168823
vt 0.74365234 0.028015137
vt 0.74853516 0.029296875
vt 0.75244141 0.029190063
vt 0.75634766 0.028045654
vt 0.76171875 0.028182983
vt 0.77441406 0.025177002
vt 0.79052734 0.020858765
vt 0.80126953 0.019241333
vt 0.81005859 0.024307251
vt 0.81884766 0.029754639
vt 0.828125 0.035064697
vt 0.83837891 0.040588379
vt 0.84667969 0.045349121
vt 0.65576172 0.045074463
vt 0.65966797 0.044281006
vt 0.671875 0.03918457
vt 0.67919922 0.033569336
vt 0.69335938 0.024124146
vt 0.70703125 0.022125244
vt 0.71630859 0.021820068
vt 0.73193359 0.028625488
vt 0.74316406 0.029571533
vt 0.75146484 0.032470703
vt 0.75585938 0.03074646
vt 0.75976562 0.027648926
vt 0.76904297 0.028930664
vt 0.77978516 0.024353027
vt 0.79589844 0.022094727
vt 0.80517578 0.025390625
vt 0.81298828 0.031021118
vt 0.82177734 0.035614014
vt 0.83105469 0.039459229
vt 0.84423828 0.043609619
vt 0.84912109 0.045135498
vt 0.65234375 0.044403076
vt 0.65283203 0.048065186
vt 0.66748047 0.043701172
vt 0.67382812 0.038330078
vt 0.69287109 0.025787354
vt 0.71044922 0.025543213
vt 0.71777344 0.022567749
vt 0.73291016 0.031555176
vt 0.74267578 0.031402588
vt 0.75439453 0.0362854
vt 0.75976562 0.032592773
vt 0.76416016 0.027175903
vt 0.77734375 0.029800415
vt 0.78613281 0.023361206
vt 0.80224609 0.02355957
vt 0.81005859 0.032714844
vt 0.81689453 0.039031982
vt 0.82519531 0.042633057
vt 0.83398438 0.044677734
vt 0.85058594 0.047180176
vt 0.85253906 0.04486084
vt 0.64990234 0.04385376
vt 0.64697266 0.051239014
vt 0.66357422 0.047515869
vt 0.66894531 0.042327881
vt 0.69189453 0.027191162
vt 0.71289062 0.028411865
vt 0.71923828 0.023193359
vt 0.73339844 0.033996582
vt 0.74267578 0.032958984
vt 0.75732422 0.039459229
vt 0.76318359 0.03414917
vt 0.76757812 0.026779175
vt 0.78466797 0.030548096
vt 0.79101562 0.022537231
vt 0.80712891 0.024795532
vt 0.81445312 0.038879395
vt 0.81982422 0.04574585
vt 0.828125 0.048522949
vt 0.83691406 0.049072266
vt 0.85595703 0.050201416
vt 0.85498047 0.044647217
f 1/1 602/602 604/604
f 604/604 603/603 2/2
f 602/602 603/603 604/604
f 1/1 605/605 602/602
f 605/605 4/4 606/606
f 602/602 606/606 3/3
f 605/605 606/606 602/602
f 5/5 607/607 609/609
f 607/607 7/7 608/608
f 609/609 608/608 6/6
f 607/607 608/608 609/609
f 5/5 610/610 607/607
f 610/610 8/8 611/611
f 607/607 611/611 7/7
f 610/610 611/611 607/607
f 9/9 612/612 613/613
f 612/612 8/8 610/610
f 613/613 610/610 5/5
f 612/612 610/610 613/613
f 9/9 614/614 612/612
f 614/614 10/10 615/615
f 612/612 615/615 8/8
f 614/614 615/615 612/612
f 11/11 616/616 617/617
f 616/616 10/10 614/614
f 617/617 614/614 9/9
f 616/616 614/614 617/617
f 11/11 618/618 616/616
f 618/618 12/12 619/619
f 616/616 619/619 10/10
f 618/618 619/619 616/616
f 13/13 620/620 621/621
f 620/620 12/12 618/618
f 621/621 618/618 11/11
f 620/620 618/618 621/621
f 13/13 622/622 620/620
f 622/622 14/14 623/623
f 620/620 623/623 12/12
f 622/622 623/623 620/620
f 15/15 624/624 625/625
f 624/624 14/14 622/622
f 625/625 622/622 13/13
f 624/624 622/622 625/625
f 15/15 626/626 624/624
f 626/626 16/16 627/627
f 624/624 627/627 14/14
f 626/626 627/627 624/624
f 17/17 628/628 629/629
f 628/628 16/16 626/626
f 629/629 626/626 15/15
f 628/628 626/626 629/629
f 17/17 630/630 628/628
f 630/630 18/18 631/631
f 628/628 631/631 16/16
f 630/630 631/631 628/628
f 19/19 632/632 634/634
f 632/632 8/8 633/633
f 634/634 633/633 20/20
f 632/632 633/633 634/634
f 19/19 635/635 632/632
f 635/635 7/7 611/611
f 632/632 611/611 8/8
f 635/635 611/611 632/632
f 20/20 636/636 638/638
f 636/636 10/10 637/637
f 638/638 637/637 21/21
f 636/636 637/637 638/638
f 20/20 633/633 636/636
f 633/633 8/8 615/615
f 636/636 615/615 10/10
f 633/633 615/615 636/636
f 21/21 639/639 641/641
f 639/639 12/12 640/640
f 641/641 640/640 22/22
f 639/639 640/640 641/641
f 21/21 637/637 639/639
f 637/637 10/10 619/619
f 639/639 619/619 12/12
f 637/637 619/619 639/639
f 22/22 642/642 644/644
f 642/642 14/14 643/643
f 644/644 643/643 23/23
f 642/642 643/643 644/644
f 22/22 640/640 642/642
f 640/640 12/12 623/623
f 642/642 623/623 14/14
f 640/640 623/623 642/642
f 23/23 645/645 647/647
f 645/645 16/16 646/646
f 647/647 646/646 24/24
f 645/645 646/646 647/647
f 23/23 643/643 645/645
f 643/643 14/14 627/627
f 645/645 627/627 16/16
f 643/643 627/627 645/645
f 25/25 648/648 650/650
f 648/648 20/20 649/649
f 650/650 649/649 26/26
f 648/648 649/649 650/650
f 25/25 651/651 648/648
f 651/651 19/19 634/634
f 648/648 634/634 20/20
f 651/651 634/634 648/648
f 26/26 652/652 654/654
f 652/652 21/21 653/653
f 654/654 653/653 27/27
f 652/652 653/653 654/654
f 26/26 649/649 652/652
f 649/649 20/20 638/638
f 652/652 638/638 21/21
f 649/649 638/638 652/652
f 27/27 655/655 657/657
f 655/655 22/22 656/656
f 657/657 656/656 28/28
f 655/655 656/656 657/657
f 27/27 653/653 655/655
f 653/653 21/21 641/641
f 655/655 641/641 22/22
f 653/653 641/641 655/655
f 28/28 658/658 660/660
f 658/658 23/23 659/659
f 660/660 659/659 29/29
f 658/658 659/659 660/660
f 28/28 656/656 658/658
f 656/656 22/22 644/644
f 658/658 644/644 23/23
f 656/656 644/644 658/658
f 29/29 661/661 663/663
f 661/661 24/24 662/662
f 663/663 662/662 30/30
f 661/661 662/662 663/663
f 29/29 659/659 661/661
f 659/659 23/23 647/647
f 661/661 647/647 24/24
f 659/659 647/647 661/661
f 31/31 664/664 666/666
f 664/664 26/26 665/665
f 666/666 665/665 32/32
f 664/664 665/665 666/666
f 31/31 667/667 664/664
f 667/667 25/25 650/650
f 664/664 650/650 26/26
f 667/667 650/650 664/664
f 32/32 668/668 670/670
f 668/668 27/27 669/669
f 670/670 669/669 33/33
f 668/668 669/669 670/670
f 32/32 665/665 668/668
f 665/665 26/26 654/654
f 668/668 654/654 27/27
f 665/665 654/654 668/668
f 33/33 671/671 673/673
f 671/671 28/28 672/672
f 673/673 672/672 34/34
f 671/671 672/672 673/673
f 33/33 669/669 671/671
f 669/669 27/27 657/657
f 671/671 657/657 28/28
f 669/669 657/657 671/671
f 34/34 674/674 676/676
f 674/674 29/29 675/675
f 676/676 675/675 35/35
f 674/674 675/675 676/676
f 34/34 672/672 674/674
f 672/672 28/28 660/660
f 674/674 660/660 29/29
f 672/672 660/660 674/674
f 35/35 677/677 679/679
f 677/677 30/30 678/678
f 679/679 678/678 36/36
f 677/677 678/678 679/679
f 35/35 675/675 677/677
f 675/675 29/29 663/663
f 677/677 663/663 30/30
f 675/675 663/663 677/677
f 36/36 680/680 682/682
f 680/680 38/38 681/681
f 682/682 681/681 37/37
f 680/680 681/681 682/682
f 36/36 678/678 680/680
f 678/678 30/30 683/683
f 680/680 683/683 38/38
f 678/678 683/683 680/680
f 39/39 684/684 686/686
f 684/684 32/32 685/685
f 686/686 685/685 40/40
f 684/684 685/685 686/686
f 39/39 687/687 684/684
f 687/687 31/31 666/666
f 684/684 666/666 32/32
f 687/687 666/666 684/684
f 40/40 688/688 690/690
f 688/688 33/33 689/689
f 690/690 689/689 41/41
f 688/688 689/689 690/690
f 40/40 685/685 688/688
f 685/685 32/32 670/670
f 688/688 670/670 33/33
f 685/685 670/670 688/688
f 41/41 691/691 693/693
f 691/691 34/34 692/692
f 693/693 692/692 42/42
f 691/691 692/692 693/693
f 41/41 689/689 691/691
f 689/689 33/33 673/673
f 691/691 673/673 34/34
f 689/689 673/673 691/691
f 42/42 694/694 696/696
f 694/694 35/35 695/695
f 696/696 695/695 43/43
f 694/694 695/695 696/696
f 42/42 692/692 694/694
f 692/692 34/34 676/676
f 694/694 676/676 35/35
f 692/692 676/676 694/694
f 43/43 697/697 699/699
f 697/697 36/36 698/698
f 699/699 698/698 44/44
f 697/697 698/698 699/699
f 43/43 695/695 697/697
f 695/695 35/35 679/679
f 697/697 679/679 36/36
f 695/695 679/679 697/697
f 45/45 700/700 702/702
f 700/700 39/39 701/701
f 702/702 701/701 46/46
f 700/700 701/701 702/702
f 45/45 703/703 700/700
f 703/703 47/47 704/704
f 700/700 704/704 39/39
f 703/703 704/704 700/700
f 46/46 705/705 707/707
f 705/705 40/40 706/706
f 707/707 706/706 48/48
f 705/705 706/706 707/707
f 46/46 701/701 705/705
f 701/701 39/39 686/686
f 705/705 686/686 40/40
f 701/701 686/686 705/705
f 48/48 708/708 710/710
f 708/708 41/41 709/709
f 710/710 709/709 49/49
f 708/708 709/709 710/710
f 48/48 706/706 708/708
f 706/706 40/40 690/690
f 708/708 690/690 41/41
f 706/706 690/690 708/708
f 49/49 711/711 713/713
f 711/711 42/42 712/712
f 713/713 712/712 50/50
f 711/711 712/712 713/713
f 49/49 709/709 711/711
f 709/709 41/41 693/693
f 711/711 693/693 42/42
f 709/709 693/693 711/711
f 50/50 714/714 716/716
f 714/714 43/43 715/715
f 716/716 715/715 51/51
f 714/714 715/715 716/716
f 50/50 712/712 714/714
f 712/712 42/42 696/696
f 714/714 696/696 43/43
f 712/712 696/696 714/714
f 51/51 717/717 719/719
f 717/717 44/44 718/718
f 719/719 718/718 52/52
f 717/717 718/718 719/719
f 51/51 715/715 717/717
f 715/715 43/43 699/699
f 717/717 699/699 44/44
f 715/715 699/699 717/717
f 53/53 720/720 722/722
f 720/720 48/48 721/721
f 722/722 721/721 54/54
f 720/720 721/721 722/722
f 53/53 723/723 720/720
f 723/723 46/46 707/707
f 720/720 707/707 48/48
f 723/723 707/707 720/720
f 54/54 724/724 726/726
f 724/724 49/49 725/725
f 726/726 725/725 55/55
f 724/724 725/725 726/726
f 54/54 721/721 724/724
f 721/721 48/48 710/710
f 724/724 710/710 49/49
f 721/721 710/710 724/724
f 55/55 727/727 729/729
f 727/727 50/50 728/728
f 729/729 728/728 56/56
f 727/727 728/728 729/729
f 55/55 725/725 727/727
f 725/725 49/49 713/713
f 727/727 713/713 50/50
f 725/725 713/713 727/727
f 56/56 730/730 732/732
f 730/730 51/51 731/731
f 732/732 731/731 57/57
f 730/730 731/731 732/732
f 56/56 728/728 730/730
f 728/728 50/50 716/716
f 730/730 716/716 51/51
f 728/728 716/716 730/730
f 57/57 733/733 735/735
f 733/733 52/52 734/734
f 735/735 734/734 58/58
f 733/733 734/734 735/735
f 57/57 731/731 733/733
f 731/731 51/51 719/719
f 733/733 719/719 52/52
f 731/731 719/719 733/733
f 59/59 736/736 738/738
f 736/736 54/54 737/737
f 738/738 737/737 60/60
f 736/736 737/737 738/738
f 59/59 739/739 736/736
f 739/739 53/53 722/722
f 736/736 722/722 54/54
f 739/739 722/722 736/736
f 60/60 740/740 742/742
f 740/740 55/55 741/741
f 742/742 741/741 61/61
f 740/740 741/741 742/742
f 60/60 737/737 740/740
f 737/737 54/54 726/726
f 740/740 726/726 55/55
f 737/737 726/726 740/740
f 61/61 743/743 745/745
f 743/743 56/56 744/744
f 745/745 744/744 62/62
f 743/743 744/744 745/745
f 61/61 741/741 743/743
f 741/741 55/55 729/729
f 743/743 729/729 56/56
f 741/741 729/729 743/743
f 63/63 746/746 748/748
f 746/746 65/65 747/747
f 748/748 747/747 64/64
f 746/746 747/747 748/748
f 63/63 749/749 746/746
f 749/749 66/66 750/750
f 746/746 750/750 65/65
f 749/749 750/750 746/746
f 62/62 751/751 745/745
f 751/751 67/67 752/752
f 745/745 752/752 61/61
f 751/751 752/752 745/745
f 62/62 753/753 751/751
f 753/753 68/68 754/754
f 751/751 754/754 67/67
f 753/753 754/754 751/751
f 69/69 755/755 757/757
f 755/755 58/58 756/756
f 757/757 756/756 70/70
f 755/755 756/756 757/757
f 69/69 758/758 755/755
f 758/758 57/57 735/735
f 755/755 735/735 58/58
f 758/758 735/735 755/755
f 71/71 759/759 761/761
f 759/759 60/60 760/760
f 761/761 760/760 72/72
f 759/759 760/760 761/761
f 71/71 762/762 759/759
f 762/762 59/59 738/738
f 759/759 738/738 60/60
f 762/762 738/738 759/759
f 72/72 763/763 764/764
f 763/763 61/61 752/752
f 764/764 752/752 67/67
f 763/763 752/752 764/764
f 72/72 760/760 763/763
f 760/760 60/60 742/742
f 763/763 742/742 61/61
f 760/760 742/742 763/763
f 73/73 765/765 767/767
f 765/765 75/75 766/766
f 767/767 766/766 74/74
f 765/765 766/766 767/767
f 69/69 768/768 770/770
f 768/768 77/77 769/769
f 770/770 769/769 76/76
f 768/768 769/769 770/770
f 69/69 757/757 768/768
f 757/757 70/70 771/771
f 768/768 771/771 77/77
f 757/757 771/771 768/768
f 77/77 772/772 774/774
f 772/772 79/79 773/773
f 774/774 773/773 78/78
f 772/772 773/773 774/774
f 77/77 771/771 772/772
f 771/771 70/70 775/775
f 772/772 775/775 79/79
f 771/771 775/775 772/772
f 62/62 776/776 753/753
f 776/776 76/76 777/777
f 753/753 777/777 68/68
f 776/776 777/777 753/753
f 62/62 778/778 776/776
f 778/778 69/69 770/770
f 776/776 770/770 76/76
f 778/778 770/770 776/776
f 80/80 779/779 781/781
f 779/779 72/72 780/780
f 781/781 780/780 81/81
f 779/779 780/780 781/781
f 80/80 782/782 779/779
f 782/782 71/71 761/761
f 779/779 761/761 72/72
f 782/782 761/761 779/779
f 81/81 783/783 785/785
f 783/783 67/67 784/784
f 785/785 784/784 82/82
f 783/783 784/784 785/785
f 81/81 780/780 783/783
f 780/780 72/72 764/764
f 783/783 764/764 67/67
f 780/780 764/764 783/783
f 67/67 786/786 784/784
f 786/786 83/83 787/787
f 784/784 787/787 82/82
f 786/786 787/787 784/784
f 67/67 754/754 786/786
f 754/754 68/68 788/788
f 786/786 788/788 83/83
f 754/754 788/788 786/786
f 68/68 789/789 788/788
f 789/789 84/84 790/790
f 788/788 790/790 83/83
f 789/789 790/790 788/788
f 68/68 777/777 789/789
f 777/777 76/76 791/791
f 789/789 791/791 84/84
f 777/777 791/791 789/789
f 76/76 792/792 791/791
f 792/792 85/85 793/793
f 791/791 793/793 84/84
f 792/792 793/793 791/791
f 76/76 794/794 792/792
f 794/794 86/86 795/795
f 792/792 795/795 85/85
f 794/794 795/795 792/792
f 76/76 769/769 797/797
f 769/769 77/77 796/796
f 797/797 796/796 87/87
f 769/769 796/796 797/797
f 88/88 798/798 800/800
f 798/798 81/81 799/799
f 800/800 799/799 89/89
f 798/798 799/799 800/800
f 88/88 801/801 798/798
f 801/801 80/80 781/781
f 798/798 781/781 81/81
f 801/801 781/781 798/798
f 89/89 802/802 804/804
f 802/802 82/82 803/803
f 804/804 803/803 66/66
f 802/802 803/803 804/804
f 89/89 799/799 802/802
f 799/799 81/81 785/785
f 802/802 785/785 82/82
f 799/799 785/785 802/802
f 66/66 805/805 750/750
f 805/805 83/83 806/806
f 750/750 806/806 65/65
f 805/805 806/806 750/750
f 66/66 803/803 805/805
f 803/803 82/82 787/787
f 805/805 787/787 83/83
f 803/803 787/787 805/805
f 65/65 807/807 809/809
f 807/807 84/84 808/808
f 809/809 808/808 90/90
f 807/807 808/808 809/809
f 65/65 806/806 807/807
f 806/806 83/83 790/790
f 807/807 790/790 84/84
f 806/806 790/790 807/807
f 85/85 810/810 793/793
f 810/810 90/90 808/808
f 793/793 808/808 84/84
f 810/810 808/808 793/793
f 90/90 810/810 812/812
f 810/810 85/85 811/811
f 812/812 811/811 91/91
f 810/810 811/811 812/812
f 92/92 813/813 815/815
f 813/813 89/89 814/814
f 815/815 814/814 93/93
f 813/813 814/814 815/815
f 92/92 816/816 813/813
f 816/816 88/88 800/800
f 813/813 800/800 89/89
f 816/816 800/800 813/813
f 93/93 817/817 818/818
f 817/817 66/66 749/749
f 818/818 749/749 63/63
f 817/817 749/749 818/818
f 93/93 814/814 817/817
f 814/814 89/89 804/804
f 817/817 804/804 66/66
f 814/814 804/804 817/817
f 94/94 819/819 821/821
f 819/819 96/96 820/820
f 821/821 820/820 95/95
f 819/819 820/820 821/821
f 94/94 822/822 819/819
f 822/822 97/97 823/823
f 819/819 823/823 96/96
f 822/822 823/823 819/819
f 94/94 824/824 822/822
f 824/824 63/63 825/825
f 822/822 825/825 97/97
f 824/824 825/825 822/822
f 94/94 826/826 824/824
f 826/826 93/93 818/818
f 824/824 818/818 63/63
f 826/826 818/818 824/824
f 98/98 827/827 828/828
f 827/827 93/93 826/826
f 828/828 826/826 94/94
f 827/827 826/826 828/828
f 98/98 829/829 827/827
f 829/829 92/92 815/815
f 827/827 815/815 93/93
f 829/829 815/815 827/827
f 87/87 830/830 797/797
f 830/830 86/86 794/794
f 797/797 794/794 76/76
f 830/830 794/794 797/797
f 97/97 831/831 823/823
f 831/831 99/99 832/832
f 823/823 832/832 96/96
f 831/831 832/832 823/823
f 97/97 833/833 831/831
f 833/833 100/100 834/834
f 831/831 834/834 99/99
f 833/833 834/834 831/831
f 101/101 835/835 837/837
f 835/835 103/103 836/836
f 837/837 836/836 102/102
f 835/835 836/836 837/837
f 101/101 838/838 835/835
f 838/838 104/104 839/839
f 835/835 839/839 103/103
f 838/838 839/839 835/835
f 105/105 840/840 841/841
f 840/840 94/94 821/821
f 841/841 821/821 95/95
f 840/840 821/821 841/841
f 105/105 842/842 840/840
f 842/842 98/98 828/828
f 840/840 828/828 94/94
f 842/842 828/828 840/840
f 63/63 843/843 825/825
f 843/843 100/100 833/833
f 825/825 833/833 97/97
f 843/843 833/833 825/825
f 63/63 748/748 843/843
f 748/748 64/64 844/844
f 843/843 844/844 100/100
f 748/748 844/844 843/843
f 100/100 845/845 834/834
f 845/845 101/101 846/846
f 834/834 846/846 99/99
f 845/845 846/846 834/834
f 100/100 847/847 845/845
f 847/847 104/104 838/838
f 845/845 838/838 101/101
f 847/847 838/838 845/845
f 106/106 848/848 850/850
f 848/848 102/102 849/849
f 850/850 849/849 107/107
f 848/848 849/849 850/850
f 106/106 851/851 848/848
f 851/851 101/101 837/837
f 848/848 837/837 102/102
f 851/851 837/837 848/848
f 108/108 852/852 854/854
f 852/852 95/95 853/853
f 854/854 853/853 109/109
f 852/852 853/853 854/854
f 108/108 855/855 852/852
f 855/855 105/105 841/841
f 852/852 841/841 95/95
f 855/855 841/841 852/852
f 110/110 856/856 857/857
f 856/856 101/101 851/851
f 857/857 851/851 106/106
f 856/856 851/851 857/857
f 110/110 858/858 856/856
f 858/858 99/99 846/846
f 856/856 846/846 101/101
f 858/858 846/846 856/856
f 95/95 859/859 853/853
f 859/859 111/111 860/860
f 853/853 860/860 109/109
f 859/859 860/860 853/853
f 95/95 820/820 859/859
f 820/820 96/96 861/861
f 859/859 861/861 111/111
f 820/820 861/861 859/859
f 96/96 862/862 861/861
f 862/862 110/110 863/863
f 861/861 863/863 111/111
f 862/862 863/863 861/861
f 96/96 832/832 862/862
f 832/832 99/99 858/858
f 862/862 858/858 110/110
f 832/832 858/858 862/862
f 107/107 864/864 866/866
f 864/864 113/113 865/865
f 866/866 865/865 112/112
f 864/864 865/865 866/866
f 107/107 849/849 864/864
f 849/849 102/102 867/867
f 864/864 867/867 113/113
f 849/849 867/867 864/864
f 114/114 868/868 870/870
f 868/868 107/107 869/869
f 870/870 869/869 115/115
f 868/868 869/869 870/870
f 114/114 871/871 868/868
f 871/871 106/106 850/850
f 868/868 850/850 107/107
f 871/871 850/850 868/868
f 116/116 872/872 874/874
f 872/872 109/109 873/873
f 874/874 873/873 117/117
f 872/872 873/873 874/874
f 116/116 875/875 872/872
f 875/875 108/108 854/854
f 872/872 854/854 109/109
f 875/875 854/854 872/872
f 117/117 876/876 878/878
f 876/876 111/111 877/877
f 878/878 877/877 118/118
f 876/876 877/877 878/878
f 117/117 873/873 876/876
f 873/873 109/109 860/860
f 876/876 860/860 111/111
f 873/873 860/860 876/876
f 118/118 879/879 881/881
f 879/879 110/110 880/880
f 881/881 880/880 119/119
f 879/879 880/880 881/881
f 118/118 877/877 879/879
f 877/877 111/111 863/863
f 879/879 863/863 110/110
f 877/877 863/863 879/879
f 119/119 882/882 883/883
f 882/882 106/106 871/871
f 883/883 871/871 114/114
f 882/882 871/871 883/883
f 119/119 880/880 882/882
f 880/880 110/110 857/857
f 882/882 857/857 106/106
f 880/880 857/857 882/882
f 120/120 884/884 886/886
f 884/884 115/115 885/885
f 886/886 885/885 121/121
f 884/884 885/885 886/886
f 120/120 887/887 884/884
f 887/887 114/114 870/870
f 884/884 870/870 115/115
f 887/887 870/870 884/884
f 122/122 888/888 890/890
f 888/888 117/117 889/889
f 890/890 889/889 123/123
f 888/888 889/889 890/890
f 122/122 891/891 888/888
f 891/891 116/116 874/874
f 888/888 874/874 117/117
f 891/891 874/874 888/888
f 123/123 892/892 894/894
f 892/892 118/118 893/893
f 894/894 893/893 124/124
f 892/892 893/893 894/894
f 123/123 889/889 892/892
f 889/889 117/117 878/878
f 892/892 878/878 118/118
f 889/889 878/878 892/892
f 124/124 895/895 897/897
f 895/895 119/119 896/896
f 897/897 896/896 125/125
f 895/895 896/896 897/897
f 124/124 893/893 895/895
f 893/893 118/118 881/881
f 895/895 881/881 119/119
f 893/893 881/881 895/895
f 125/125 898/898 899/899
f 898/898 114/114 887/887
f 899/899 887/887 120/120
f 898/898 887/887 899/899
f 125/125 896/896 898/898
f 896/896 119/119 883/883
f 898/898 883/883 114/114
f 896/896 883/883 898/898
f 123/123 900/900 902/902
f 900/900 120/120 901/901
f 902/902 901/901 126/126
f 900/900 901/901 902/902
f 123/123 903/903 900/900
f 903/903 125/125 899/899
f 900/900 899/899 120/120
f 903/903 899/899 900/900
f 125/125 903/903 897/897
f 903/903 123/123 894/894
f 897/897 894/894 124/124
f 903/903 894/894 897/897
f 127/127 904/904 905/905
f 904/904 123/123 902/902
f 905/905 902/902 126/126
f 904/904 902/902 905/905
f 127/127 906/906 904/904
f 906/906 122/122 890/890
f 904/904 890/890 123/123
f 906/906 890/890 904/904
f 126/126 901/901 908/908
f 901/901 120/120 907/907
f 908/908 907/907 128/128
f 901/901 907/907 908/908
f 129/129 909/909 911/911
f 909/909 6/6 910/910
f 911/911 910/910 130/130
f 909/909 910/910 911/911
f 129/129 912/912 909/909
f 912/912 5/5 609/609
f 909/909 609/609 6/6
f 912/912 609/609 909/909
f 131/131 913/913 914/914
f 913/913 5/5 912/912
f 914/914 912/912 129/129
f 913/913 912/912 914/914
f 131/131 915/915 913/913
f 915/915 9/9 613/613
f 913/913 613/613 5/5
f 915/915 613/613 913/913
f 132/132 916/916 917/917
f 916/916 9/9 915/915
f 917/917 915/915 131/131
f 916/916 915/915 917/917
f 132/132 918/918 916/916
f 918/918 11/11 617/617
f 916/916 617/617 9/9
f 918/918 617/617 916/916
f 133/133 919/919 920/920
f 919/919 11/11 918/918
f 920/920 918/918 132/132
f 919/919 918/918 920/920
f 133/133 921/921 919/919
f 921/921 13/13 621/621
f 919/919 621/621 11/11
f 921/921 621/621 919/919
f 134/134 922/922 923/923
f 922/922 13/13 921/921
f 923/923 921/921 133/133
f 922/922 921/921 923/923
f 134/134 924/924 922/922
f 924/924 15/15 625/625
f 922/922 625/625 13/13
f 924/924 625/625 922/922
f 135/135 925/925 926/926
f 925/925 15/15 924/924
f 926/926 924/924 134/134
f 925/925 924/924 926/926
f 135/135 927/927 925/925
f 927/927 17/17 629/629
f 925/925 629/629 15/15
f 927/927 629/629 925/925
f 136/136 928/928 930/930
f 928/928 130/130 929/929
f 930/930 929/929 137/137
f 928/928 929/929 930/930
f 136/136 931/931 928/928
f 931/931 129/129 911/911
f 928/928 911/911 130/130
f 931/931 911/911 928/928
f 138/138 932/932 933/933
f 932/932 129/129 931/931
f 933/933 931/931 136/136
f 932/932 931/931 933/933
f 138/138 934/934 932/932
f 934/934 131/131 914/914
f 932/932 914/914 129/129
f 934/934 914/914 932/932
f 139/139 935/935 936/936
f 935/935 131/131 934/934
f 936/936 934/934 138/138
f 935/935 934/934 936/936
f 139/139 937/937 935/935
f 937/937 132/132 917/917
f 935/935 917/917 131/131
f 937/937 917/917 935/935
f 140/140 938/938 939/939
f 938/938 132/132 937/937
f 939/939 937/937 139/139
f 938/938 937/937 939/939
f 140/140 940/940 938/938
f 940/940 133/133 920/920
f 938/938 920/920 132/132
f 940/940 920/920 938/938
f 141/141 941/941 942/942
f 941/941 133/133 940/940
f 942/942 940/940 140/140
f 941/941 940/940 942/942
f 141/141 943/943 941/941
f 943/943 134/134 923/923
f 941/941 923/923 133/133
f 943/943 923/923 941/941
f 142/142 944/944 945/945
f 944/944 134/134 943/943
f 945/945 943/943 141/141
f 944/944 943/943 945/945
f 142/142 946/946 944/944
f 946/946 135/135 926/926
f 944/944 926/926 134/134
f 946/946 926/926 944/944
f 143/143 947/947 949/949
f 947/947 137/137 948/948
f 949/949 948/948 144/144
f 947/947 948/948 949/949
f 143/143 950/950 947/947
f 950/950 136/136 930/930
f 947/947 930/930 137/137
f 950/950 930/930 947/947
f 145/145 951/951 952/952
f 951/951 136/136 950/950
f 952/952 950/950 143/143
f 951/951 950/950 952/952
f 145/145 953/953 951/951
f 953/953 138/138 933/933
f 951/951 933/933 136/136
f 953/953 933/933 951/951
f 146/146 954/954 955/955
f 954/954 138/138 953/953
f 955/955 953/953 145/145
f 954/954 953/953 955/955
f 146/146 956/956 954/954
f 956/956 139/139 936/936
f 954/954 936/936 138/138
f 956/956 936/936 954/954
f 147/147 957/957 958/958
f 957/957 139/139 956/956
f 958/958 956/956 146/146
f 957/957 956/956 958/958
f 147/147 959/959 957/957
f 959/959 140/140 939/939
f 957/957 939/939 139/139
f 959/959 939/939 957/957
f 148/148 960/960 961/961
f 960/960 140/140 959/959
f 961/961 959/959 147/147
f 960/960 959/959 961/961
f 148/148 962/962 960/960
f 962/962 141/141 942/942
f 960/960 942/942 140/140
f 962/962 942/942 960/960
f 149/149 963/963 964/964
f 963/963 141/141 962/962
f 964/964 962/962 148/148
f 963/963 962/962 964/964
f 149/149 965/965 963/963
f 965/965 142/142 945/945
f 963/963 945/945 141/141
f 965/965 945/945 963/963
f 150/150 966/966 968/968
f 966/966 144/144 967/967
f 968/968 967/967 151/151
f 966/966 967/967 968/968
f 150/150 969/969 966/966
f 969/969 143/143 949/949
f 966/966 949/949 144/144
f 969/969 949/949 966/966
f 152/152 970/970 972/972
f 970/970 145/145 971/971
f 972/972 971/971 153/153
f 970/970 971/971 972/972
f 152/152 973/973 970/970
f 973/973 146/146 955/955
f 970/970 955/955 145/145
f 973/973 955/955 970/970
f 154/154 974/974 976/976
f 974/974 147/147 975/975
f 976/976 975/975 155/155
f 974/974 975/975 976/976
f 154/154 977/977 974/974
f 977/977 148/148 961/961
f 974/974 961/961 147/147
f 977/977 961/961 974/974
f 147/147 978/978 975/975
f 978/978 152/152 979/979
f 975/975 979/979 155/155
f 978/978 979/979 975/975
f 147/147 958/958 978/978
f 958/958 146/146 973/973
f 978/978 973/973 152/152
f 958/958 973/973 978/978
f 156/156 980/980 982/982
f 980/980 158/158 981/981
f 982/982 981/981 157/157
f 980/980 981/981 982/982
f 159/159 983/983 985/985
f 983/983 161/161 984/984
f 985/985 984/984 160/160
f 983/983 984/984 985/985
f 159/159 986/986 983/983
f 986/986 162/162 987/987
f 983/983 987/987 161/161
f 986/986 987/987 983/983
f 162/162 988/988 987/987
f 988/988 163/163 989/989
f 987/987 989/989 161/161
f 988/988 989/989 987/987
f 162/162 990/990 988/988
f 990/990 164/164 991/991
f 988/988 991/991 163/163
f 990/990 991/991 988/988
f 164/164 992/992 991/991
f 992/992 165/165 993/993
f 991/991 993/993 163/163
f 992/992 993/993 991/991
f 164/164 994/994 992/992
f 994/994 166/166 995/995
f 992/992 995/995 165/165
f 994/994 995/995 992/992
f 150/150 996/996 997/997
f 996/996 161/161 989/989
f 997/997 989/989 163/163
f 996/996 989/989 997/997
f 150/150 968/968 996/996
f 968/968 151/151 998/998
f 996/996 998/998 161/161
f 968/968 998/998 996/996
f 145/145 999/999 1001/1001
f 999/999 150/150 1000/1000
f 1001/1001 1000/1000 167/167
f 999/999 1000/1000 1001/1001
f 145/145 952/952 999/999
f 952/952 143/143 969/969
f 999/999 969/969 150/150
f 952/952 969/969 999/999
f 168/168 1002/1002 1004/1004
f 1002/1002 170/170 1003/1003
f 1004/1004 1003/1003 169/169
f 1002/1002 1003/1003 1004/1004
f 168/168 1005/1005 1002/1002
f 1005/1005 171/171 1006/1006
f 1002/1002 1006/1006 170/170
f 1005/1005 1006/1006 1002/1002
f 167/167 1007/1007 1008/1008
f 1007/1007 163/163 993/993
f 1008/1008 993/993 165/165
f 1007/1007 993/993 1008/1008
f 167/167 1000/1000 1007/1007
f 1000/1000 150/150 997/997
f 1007/1007 997/997 163/163
f 1000/1000 997/997 1007/1007
f 172/172 1009/1009 1011/1011
f 1009/1009 152/152 1010/1010
f 1011/1011 1010/1010 173/173
f 1009/1009 1010/1010 1011/1011
f 172/172 1012/1012 1009/1009
f 1012/1012 155/155 979/979
f 1009/1009 979/979 152/152
f 1012/1012 979/979 1009/1009
f 174/174 1013/1013 1015/1015
f 1013/1013 176/176 1014/1014
f 1015/1015 1014/1014 175/175
f 1013/1013 1014/1014 1015/1015
f 174/174 1016/1016 1013/1013
f 1016/1016 177/177 1017/1017
f 1013/1013 1017/1017 176/176
f 1016/1016 1017/1017 1013/1013
f 152/152 1018/1018 1019/1019
f 1018/1018 169/169 1003/1003
f 1019/1019 1003/1003 170/170
f 1018/1018 1003/1003 1019/1019
f 152/152 972/972 1018/1018
f 972/972 153/153 1020/1020
f 1018/1018 1020/1020 169/169
f 972/972 1020/1020 1018/1018
f 165/165 1021/1021 1008/1008
f 1021/1021 169/169 1022/1022
f 1008/1008 1022/1022 167/167
f 1021/1021 1022/1022 1008/1008
f 165/165 1023/1023 1021/1021
f 1023/1023 168/168 1004/1004
f 1021/1021 1004/1004 169/169
f 1023/1023 1004/1004 1021/1021
f 154/154 1024/1024 1026/1026
f 1024/1024 172/172 1025/1025
f 1026/1026 1025/1025 178/178
f 1024/1024 1025/1025 1026/1026
f 154/154 976/976 1024/1024
f 976/976 155/155 1012/1012
f 1024/1024 1012/1012 172/172
f 976/976 1012/1012 1024/1024
f 173/173 1027/1027 1029/1029
f 1027/1027 170/170 1028/1028
f 1029/1029 1028/1028 175/175
f 1027/1027 1028/1028 1029/1029
f 173/173 1010/1010 1027/1027
f 1010/1010 152/152 1019/1019
f 1027/1027 1019/1019 170/170
f 1010/1010 1019/1019 1027/1027
f 179/179 1030/1030 1032/1032
f 1030/1030 173/173 1031/1031
f 1032/1032 1031/1031 180/180
f 1030/1030 1031/1031 1032/1032
f 179/179 1033/1033 1030/1030
f 1033/1033 172/172 1011/1011
f 1030/1030 1011/1011 173/173
f 1033/1033 1011/1011 1030/1030
f 181/181 1034/1034 1035/1035
f 1034/1034 172/172 1033/1033
f 1035/1035 1033/1033 179/179
f 1034/1034 1033/1033 1035/1035
f 181/181 1036/1036 1034/1034
f 1036/1036 178/178 1025/1025
f 1034/1034 1025/1025 172/172
f 1036/1036 1025/1025 1034/1034
f 182/182 1037/1037 1038/1038
f 1037/1037 178/178 1036/1036
f 1038/1038 1036/1036 181/181
f 1037/1037 1036/1036 1038/1038
f 182/182 1039/1039 1037/1037
f 1039/1039 183/183 1040/1040
f 1037/1037 1040/1040 178/178
f 1039/1039 1040/1040 1037/1037
f 175/175 1041/1041 1029/1029
f 1041/1041 180/180 1031/1031
f 1029/1029 1031/1031 173/173
f 1041/1041 1031/1031 1029/1029
f 175/175 1014/1014 1041/1041
f 1014/1014 176/176 1042/1042
f 1041/1041 1042/1042 180/180
f 1014/1014 1042/1042 1041/1041
f 156/156 1043/1043 1045/1045
f 1043/1043 185/185 1044/1044
f 1045/1045 1044/1044 184/184
f 1043/1043 1044/1044 1045/1045
f 156/156 1046/1046 1043/1043
f 1046/1046 186/186 1047/1047
f 1043/1043 1047/1047 185/185
f 1046/1046 1047/1047 1043/1043
f 174/174 1048/1048 1016/1016
f 1048/1048 187/187 1049/1049
f 1016/1016 1049/1049 177/177
f 1048/1048 1049/1049 1016/1016
f 174/174 1050/1050 1048/1048
f 1050/1050 188/188 1051/1051
f 1048/1048 1051/1051 187/187
f 1050/1050 1051/1051 1048/1048
f 189/189 1052/1052 1054/1054
f 1052/1052 180/180 1053/1053
f 1054/1054 1053/1053 190/190
f 1052/1052 1053/1053 1054/1054
f 189/189 1055/1055 1052/1052
f 1055/1055 179/179 1032/1032
f 1052/1052 1032/1032 180/180
f 1055/1055 1032/1032 1052/1052
f 191/191 1056/1056 1057/1057
f 1056/1056 179/179 1055/1055
f 1057/1057 1055/1055 189/189
f 1056/1056 1055/1055 1057/1057
f 191/191 1058/1058 1056/1056
f 1058/1058 181/181 1035/1035
f 1056/1056 1035/1035 179/179
f 1058/1058 1035/1035 1056/1056
f 192/192 1059/1059 1060/1060
f 1059/1059 181/181 1058/1058
f 1060/1060 1058/1058 191/191
f 1059/1059 1058/1058 1060/1060
f 192/192 1061/1061 1059/1059
f 1061/1061 182/182 1038/1038
f 1059/1059 1038/1038 181/181
f 1061/1061 1038/1038 1059/1059
f 190/190 1062/1062 1064/1064
f 1062/1062 176/176 1063/1063
f 1064/1064 1063/1063 193/193
f 1062/1062 1063/1063 1064/1064
f 190/190 1053/1053 1062/1062
f 1053/1053 180/180 1042/1042
f 1062/1062 1042/1042 176/176
f 1053/1053 1042/1042 1062/1062
f 193/193 1065/1065 1067/1067
f 1065/1065 177/177 1066/1066
f 1067/1067 1066/1066 194/194
f 1065/1065 1066/1066 1067/1067
f 193/193 1063/1063 1065/1065
f 1063/1063 176/176 1017/1017
f 1065/1065 1017/1017 177/177
f 1063/1063 1017/1017 1065/1065
f 194/194 1068/1068 1070/1070
f 1068/1068 187/187 1069/1069
f 1070/1070 1069/1069 195/195
f 1068/1068 1069/1069 1070/1070
f 194/194 1066/1066 1068/1068
f 1066/1066 177/177 1049/1049
f 1068/1068 1049/1049 187/187
f 1066/1066 1049/1049 1068/1068
f 195/195 1071/1071 1073/1073
f 1071/1071 197/197 1072/1072
f 1073/1073 1072/1072 196/196
f 1071/1071 1072/1072 1073/1073
f 195/195 1069/1069 1071/1071
f 1069/1069 187/187 1074/1074
f 1071/1071 1074/1074 197/197
f 1069/1069 1074/1074 1071/1071
f 196/196 1075/1075 1077/1077
f 1075/1075 199/199 1076/1076
f 1077/1077 1076/1076 198/198
f 1075/1075 1076/1076 1077/1077
f 196/196 1072/1072 1075/1075
f 1072/1072 197/197 1078/1078
f 1075/1075 1078/1078 199/199
f 1072/1072 1078/1078 1075/1075
f 198/198 1079/1079 1081/1081
f 1079/1079 201/201 1080/1080
f 1081/1081 1080/1080 200/200
f 1079/1079 1080/1080 1081/1081
f 198/198 1076/1076 1079/1079
f 1076/1076 199/199 1082/1082
f 1079/1079 1082/1082 201/201
f 1076/1076 1082/1082 1079/1079
f 200/200 1083/1083 1085/1085
f 1083/1083 203/203 1084/1084
f 1085/1085 1084/1084 202/202
f 1083/1083 1084/1084 1085/1085
f 200/200 1080/1080 1083/1083
f 1080/1080 201/201 1086/1086
f 1083/1083 1086/1086 203/203
f 1080/1080 1086/1086 1083/1083
f 204/204 1087/1087 1089/1089
f 1087/1087 190/190 1088/1088
f 1089/1089 1088/1088 205/205
f 1087/1087 1088/1088 1089/1089
f 204/204 1090/1090 1087/1087
f 1090/1090 189/189 1054/1054
f 1087/1087 1054/1054 190/190
f 1090/1090 1054/1054 1087/1087
f 206/206 1091/1091 1092/1092
f 1091/1091 189/189 1090/1090
f 1092/1092 1090/1090 204/204
f 1091/1091 1090/1090 1092/1092
f 206/206 1093/1093 1091/1091
f 1093/1093 191/191 1057/1057
f 1091/1091 1057/1057 189/189
f 1093/1093 1057/1057 1091/1091
f 207/207 1094/1094 1095/1095
f 1094/1094 191/191 1093/1093
f 1095/1095 1093/1093 206/206
f 1094/1094 1093/1093 1095/1095
f 207/207 1096/1096 1094/1094
f 1096/1096 192/192 1060/1060
f 1094/1094 1060/1060 191/191
f 1096/1096 1060/1060 1094/1094
f 205/205 1097/1097 1099/1099
f 1097/1097 193/193 1098/1098
f 1099/1099 1098/1098 208/208
f 1097/1097 1098/1098 1099/1099
f 205/205 1088/1088 1097/1097
f 1088/1088 190/190 1064/1064
f 1097/1097 1064/1064 193/193
f 1088/1088 1064/1064 1097/1097
f 208/208 1100/1100 1102/1102
f 1100/1100 194/194 1101/1101
f 1102/1102 1101/1101 209/209
f 1100/1100 1101/1101 1102/1102
f 208/208 1098/1098 1100/1100
f 1098/1098 193/193 1067/1067
f 1100/1100 1067/1067 194/194
f 1098/1098 1067/1067 1100/1100
f 209/209 1103/1103 1105/1105
f 1103/1103 195/195 1104/1104
f 1105/1105 1104/1104 210/210
f 1103/1103 1104/1104 1105/1105
f 209/209 1101/1101 1103/1103
f 1101/1101 194/194 1070/1070
f 1103/1103 1070/1070 195/195
f 1101/1101 1070/1070 1103/1103
f 210/210 1106/1106 1108/1108
f 1106/1106 196/196 1107/1107
f 1108/1108 1107/1107 211/211
f 1106/1106 1107/1107 1108/1108
f 210/210 1104/1104 1106/1106
f 1104/1104 195/195 1073/1073
f 1106/1106 1073/1073 196/196
f 1104/1104 1073/1073 1106/1106
f 211/211 1109/1109 1111/1111
f 1109/1109 198/198 1110/1110
f 1111/1111 1110/1110 212/212
f 1109/1109 1110/1110 1111/1111
f 211/211 1107/1107 1109/1109
f 1107/1107 196/196 1077/1077
f 1109/1109 1077/1077 198/198
f 1107/1107 1077/1077 1109/1109
f 212/212 1112/1112 1114/1114
f 1112/1112 200/200 1113/1113
f 1114/1114 1113/1113 213/213
f 1112/1112 1113/1113 1114/1114
f 212/212 1110/1110 1112/1112
f 1110/1110 198/198 1081/1081
f 1112/1112 1081/1081 200/200
f 1110/1110 1081/1081 1112/1112
f 214/214 1115/1115 1117/1117
f 1115/1115 205/205 1116/1116
f 1117/1117 1116/1116 215/215
f 1115/1115 1116/1116 1117/1117
f 214/214 1118/1118 1115/1115
f 1118/1118 204/204 1089/1089
f 1115/1115 1089/1089 205/205
f 1118/1118 1089/1089 1115/1115
f 216/216 1119/1119 1120/1120
f 1119/1119 204/204 1118/1118
f 1120/1120 1118/1118 214/214
f 1119/1119 1118/1118 1120/1120
f 216/216 1121/1121 1119/1119
f 1121/1121 206/206 1092/1092
f 1119/1119 1092/1092 204/204
f 1121/1121 1092/1092 1119/1119
f 215/215 1122/1122 1124/1124
f 1122/1122 208/208 1123/1123
f 1124/1124 1123/1123 217/217
f 1122/1122 1123/1123 1124/1124
f 215/215 1116/1116 1122/1122
f 1116/1116 205/205 1099/1099
f 1122/1122 1099/1099 208/208
f 1116/1116 1099/1099 1122/1122
f 217/217 1125/1125 1127/1127
f 1125/1125 209/209 1126/1126
f 1127/1127 1126/1126 218/218
f 1125/1125 1126/1126 1127/1127
f 217/217 1123/1123 1125/1125
f 1123/1123 208/208 1102/1102
f 1125/1125 1102/1102 209/209
f 1123/1123 1102/1102 1125/1125
f 218/218 1128/1128 1130/1130
f 1128/1128 210/210 1129/1129
f 1130/1130 1129/1129 219/219
f 1128/1128 1129/1129 1130/1130
f 218/218 1126/1126 1128/1128
f 1126/1126 209/209 1105/1105
f 1128/1128 1105/1105 210/210
f 1126/1126 1105/1105 1128/1128
f 219/219 1131/1131 1133/1133
f 1131/1131 211/211 1132/1132
f 1133/1133 1132/1132 220/220
f 1131/1131 1132/1132 1133/1133
f 219/219 1129/1129 1131/1131
f 1129/1129 210/210 1108/1108
f 1131/1131 1108/1108 211/211
f 1129/1129 1108/1108 1131/1131
f 220/220 1134/1134 1136/1136
f 1134/1134 212/212 1135/1135
f 1136/1136 1135/1135 221/221
f 1134/1134 1135/1135 1136/1136
f 220/220 1132/1132 1134/1134
f 1132/1132 211/211 1111/1111
f 1134/1134 1111/1111 212/212
f 1132/1132 1111/1111 1134/1134
f 221/221 1137/1137 1139/1139
f 1137/1137 213/213 1138/1138
f 1139/1139 1138/1138 222/222
f 1137/1137 1138/1138 1139/1139
f 221/221 1135/1135 1137/1137
f 1135/1135 212/212 1114/1114
f 1137/1137 1114/1114 213/213
f 1135/1135 1114/1114 1137/1137
f 223/223 1140/1140 1142/1142
f 1140/1140 215/215 1141/1141
f 1142/1142 1141/1141 224/224
f 1140/1140 1141/1141 1142/1142
f 223/223 1143/1143 1140/1140
f 1143/1143 214/214 1117/1117
f 1140/1140 1117/1117 215/215
f 1143/1143 1117/1117 1140/1140
f 225/225 1144/1144 1145/1145
f 1144/1144 214/214 1143/1143
f 1145/1145 1143/1143 223/223
f 1144/1144 1143/1143 1145/1145
f 225/225 1146/1146 1144/1144
f 1146/1146 216/216 1120/1120
f 1144/1144 1120/1120 214/214
f 1146/1146 1120/1120 1144/1144
f 224/224 1147/1147 1149/1149
f 1147/1147 217/217 1148/1148
f 1149/1149 1148/1148 226/226
f 1147/1147 1148/1148 1149/1149
f 224/224 1141/1141 1147/1147
f 1141/1141 215/215 1124/1124
f 1147/1147 1124/1124 217/217
f 1141/1141 1124/1124 1147/1147
f 226/226 1150/1150 1152/1152
f 1150/1150 218/218 1151/1151
f 1152/1152 1151/1151 227/227
f 1150/1150 1151/1151 1152/1152
f 226/226 1148/1148 1150/1150
f 1148/1148 217/217 1127/1127
f 1150/1150 1127/1127 218/218
f 1148/1148 1127/1127 1150/1150
f 227/227 1153/1153 1155/1155
f 1153/1153 219/219 1154/1154
f 1155/1155 1154/1154 228/228
f 1153/1153 1154/1154 1155/1155
f 227/227 1151/1151 1153/1153
f 1151/1151 218/218 1130/1130
f 1153/1153 1130/1130 219/219
f 1151/1151 1130/1130 1153/1153
f 228/228 1156/1156 1158/1158
f 1156/1156 220/220 1157/1157
f 1158/1158 1157/1157 229/229
f 1156/1156 1157/1157 1158/1158
f 228/228 1154/1154 1156/1156
f 1154/1154 219/219 1133/1133
f 1156/1156 1133/1133 220/220
f 1154/1154 1133/1133 1156/1156
f 229/229 1159/1159 1161/1161
f 1159/1159 221/221 1160/1160
f 1161/1161 1160/1160 230/230
f 1159/1159 1160/1160 1161/1161
f 229/229 1157/1157 1159/1159
f 1157/1157 220/220 1136/1136
f 1159/1159 1136/1136 221/221
f 1157/1157 1136/1136 1159/1159
f 230/230 1162/1162 1164/1164
f 1162/1162 222/222 1163/1163
f 1164/1164 1163/1163 231/231
f 1162/1162 1163/1163 1164/1164
f 230/230 1160/1160 1162/1162
f 1160/1160 221/221 1139/1139
f 1162/1162 1139/1139 222/222
f 1160/1160 1139/1139 1162/1162
f 231/231 1165/1165 1167/1167
f 1165/1165 233/233 1166/1166
f 1167/1167 1166/1166 232/232
f 1165/1165 1166/1166 1167/1167
f 231/231 1163/1163 1165/1165
f 1163/1163 222/222 1168/1168
f 1165/1165 1168/1168 233/233
f 1163/1163 1168/1168 1165/1165
f 234/234 1169/1169 1171/1171
f 1169/1169 224/224 1170/1170
f 1171/1171 1170/1170 235/235
f 1169/1169 1170/1170 1171/1171
f 234/234 1172/1172 1169/1169
f 1172/1172 223/223 1142/1142
f 1169/1169 1142/1142 224/224
f 1172/1172 1142/1142 1169/1169
f 236/236 1173/1173 1174/1174
f 1173/1173 223/223 1172/1172
f 1174/1174 1172/1172 234/234
f 1173/1173 1172/1172 1174/1174
f 236/236 1175/1175 1173/1173
f 1175/1175 225/225 1145/1145
f 1173/1173 1145/1145 223/223
f 1175/1175 1145/1145 1173/1173
f 235/235 1176/1176 1178/1178
f 1176/1176 226/226 1177/1177
f 1178/1178 1177/1177 237/237
f 1176/1176 1177/1177 1178/1178
f 235/235 1170/1170 1176/1176
f 1170/1170 224/224 1149/1149
f 1176/1176 1149/1149 226/226
f 1170/1170 1149/1149 1176/1176
f 237/237 1179/1179 1181/1181
f 1179/1179 227/227 1180/1180
f 1181/1181 1180/1180 238/238
f 1179/1179 1180/1180 1181/1181
f 237/237 1177/1177 1179/1179
f 1177/1177 226/226 1152/1152
f 1179/1179 1152/1152 227/227
f 1177/1177 1152/1152 1179/1179
f 238/238 1182/1182 1184/1184
f 1182/1182 228/228 1183/1183
f 1184/1184 1183/1183 239/239
f 1182/1182 1183/1183 1184/1184
f 238/238 1180/1180 1182/1182
f 1180/1180 227/227 1155/1155
f 1182/1182 1155/1155 228/228
f 1180/1180 1155/1155 1182/1182
f 239/239 1185/1185 1187/1187
f 1185/1185 229/229 1186/1186
f 1187/1187 1186/1186 240/240
f 1185/1185 1186/1186 1187/1187
f 239/239 1183/1183 1185/1185
f 1183/1183 228/228 1158/1158
f 1185/1185 1158/1158 229/229
f 1183/1183 1158/1158 1185/1185
f 240/240 1188/1188 1190/1190
f 1188/1188 230/230 1189/1189
f 1190/1190 1189/1189 241/241
f 1188/1188 1189/1189 1190/1190
f 240/240 1186/1186 1188/1188
f 1186/1186 229/229 1161/1161
f 1188/1188 1161/1161 230/230
f 1186/1186 1161/1161 1188/1188
f 241/241 1191/1191 1193/1193
f 1191/1191 231/231 1192/1192
f 1193/1193 1192/1192 242/242
f 1191/1191 1192/1192 1193/1193
f 241/241 1189/1189 1191/1191
f 1189/1189 230/230 1164/1164
f 1191/1191 1164/1164 231/231
f 1189/1189 1164/1164 1191/1191
f 243/243 1194/1194 1196/1196
f 1194/1194 235/235 1195/1195
f 1196/1196 1195/1195 244/244
f 1194/1194 1195/1195 1196/1196
f 243/243 1197/1197 1194/1194
f 1197/1197 234/234 1171/1171
f 1194/1194 1171/1171 235/235
f 1197/1197 1171/1171 1194/1194
f 245/245 1198/1198 1199/1199
f 1198/1198 234/234 1197/1197
f 1199/1199 1197/1197 243/243
f 1198/1198 1197/1197 1199/1199
f 245/245 1200/1200 1198/1198
f 1200/1200 236/236 1174/1174
f 1198/1198 1174/1174 234/234
f 1200/1200 1174/1174 1198/1198
f 246/246 1201/1201 1202/1202
f 1201/1201 236/236 1200/1200
f 1202/1202 1200/1200 245/245
f 1201/1201 1200/1200 1202/1202
f 246/246 1203/1203 1201/1201
f 1203/1203 247/247 1204/1204
f 1201/1201 1204/1204 236/236
f 1203/1203 1204/1204 1201/1201
f 244/244 1205/1205 1207/1207
f 1205/1205 237/237 1206/1206
f 1207/1207 1206/1206 248/248
f 1205/1205 1206/1206 1207/1207
f 244/244 1195/1195 1205/1205
f 1195/1195 235/235 1178/1178
f 1205/1205 1178/1178 237/237
f 1195/1195 1178/1178 1205/1205
f 248/248 1208/1208 1210/1210
f 1208/1208 238/238 1209/1209
f 1210/1210 1209/1209 249/249
f 1208/1208 1209/1209 1210/1210
f 248/248 1206/1206 1208/1208
f 1206/1206 237/237 1181/1181
f 1208/1208 1181/1181 238/238
f 1206/1206 1181/1181 1208/1208
f 249/249 1211/1211 1213/1213
f 1211/1211 239/239 1212/1212
f 1213/1213 1212/1212 250/250
f 1211/1211 1212/1212 1213/1213
f 249/249 1209/1209 1211/1211
f 1209/1209 238/238 1184/1184
f 1211/1211 1184/1184 239/239
f 1209/1209 1184/1184 1211/1211
f 250/250 1214/1214 1216/1216
f 1214/1214 240/240 1215/1215
f 1216/1216 1215/1215 251/251
f 1214/1214 1215/1215 1216/1216
f 250/250 1212/1212 1214/1214
f 1212/1212 239/239 1187/1187
f 1214/1214 1187/1187 240/240
f 1212/1212 1187/1187 1214/1214
f 251/251 1217/1217 1219/1219
f 1217/1217 241/241 1218/1218
f 1219/1219 1218/1218 252/252
f 1217/1217 1218/1218 1219/1219
f 251/251 1215/1215 1217/1217
f 1215/1215 240/240 1190/1190
f 1217/1217 1190/1190 241/241
f 1215/1215 1190/1190 1217/1217
f 252/252 1220/1220 1222/1222
f 1220/1220 242/242 1221/1221
f 1222/1222 1221/1221 253/253
f 1220/1220 1221/1221 1222/1222
f 252/252 1218/1218 1220/1220
f 1218/1218 241/241 1193/1193
f 1220/1220 1193/1193 242/242
f 1218/1218 1193/1193 1220/1220
f 243/243 1223/1223 1199/1199
f 1223/1223 254/254 1224/1224
f 1199/1199 1224/1224 245/245
f 1223/1223 1224/1224 1199/1199
f 243/243 1225/1225 1223/1223
f 1225/1225 255/255 1226/1226
f 1223/1223 1226/1226 254/254
f 1225/1225 1226/1226 1223/1223
f 256/256 1227/1227 1228/1228
f 1227/1227 245/245 1224/1224
f 1228/1228 1224/1224 254/254
f 1227/1227 1224/1224 1228/1228
f 256/256 1229/1229 1227/1227
f 1229/1229 246/246 1202/1202
f 1227/1227 1202/1202 245/245
f 1229/1229 1202/1202 1227/1227
f 255/255 1230/1230 1232/1232
f 1230/1230 249/249 1231/1231
f 1232/1232 1231/1231 257/257
f 1230/1230 1231/1231 1232/1232
f 255/255 1233/1233 1230/1230
f 1233/1233 248/248 1210/1210
f 1230/1230 1210/1210 249/249
f 1233/1233 1210/1210 1230/1230
f 257/257 1234/1234 1236/1236
f 1234/1234 250/250 1235/1235
f 1236/1236 1235/1235 258/258
f 1234/1234 1235/1235 1236/1236
f 257/257 1231/1231 1234/1234
f 1231/1231 249/249 1213/1213
f 1234/1234 1213/1213 250/250
f 1231/1231 1213/1213 1234/1234
f 252/252 1237/1237 1219/1219
f 1237/1237 250/250 1216/1216
f 1219/1219 1216/1216 251/251
f 1237/1237 1216/1216 1219/1219
f 252/252 1238/1238 1237/1237
f 1238/1238 258/258 1235/1235
f 1237/1237 1235/1235 250/250
f 1238/1238 1235/1235 1237/1237
f 258/258 1239/1239 1241/1241
f 1239/1239 253/253 1240/1240
f 1241/1241 1240/1240 259/259
f 1239/1239 1240/1240 1241/1241
f 258/258 1238/1238 1239/1239
f 1238/1238 252/252 1222/1222
f 1239/1239 1222/1222 253/253
f 1238/1238 1222/1222 1239/1239
f 255/255 1242/1242 1226/1226
f 1242/1242 260/260 1243/1243
f 1226/1226 1243/1243 254/254
f 1242/1242 1243/1243 1226/1226
f 255/255 1232/1232 1242/1242
f 1232/1232 257/257 1244/1244
f 1242/1242 1244/1244 260/260
f 1232/1232 1244/1244 1242/1242
f 260/260 1245/1245 1243/1243
f 1245/1245 256/256 1228/1228
f 1243/1243 1228/1228 254/254
f 1245/1245 1228/1228 1243/1243
f 260/260 1246/1246 1245/1245
f 1246/1246 261/261 1247/1247
f 1245/1245 1247/1247 256/256
f 1246/1246 1247/1247 1245/1245
f 260/260 1248/1248 1246/1246
f 1248/1248 262/262 1249/1249
f 1246/1246 1249/1249 261/261
f 1248/1248 1249/1249 1246/1246
f 260/260 1250/1250 1248/1248
f 1250/1250 259/259 1251/1251
f 1248/1248 1251/1251 262/262
f 1250/1250 1251/1251 1248/1248
f 258/258 1252/1252 1236/1236
f 1252/1252 260/260 1244/1244
f 1236/1236 1244/1244 257/257
f 1252/1252 1244/1244 1236/1236
f 258/258 1241/1241 1252/1252
f 1241/1241 259/259 1250/1250
f 1252/1252 1250/1250 260/260
f 1241/1241 1250/1250 1252/1252
f 263/263 1253/1253 1255/1255
f 1253/1253 265/265 1254/1254
f 1255/1255 1254/1254 264/264
f 1253/1253 1254/1254 1255/1255
f 263/263 1256/1256 1253/1253
f 1256/1256 266/266 1257/1257
f 1253/1253 1257/1257 265/265
f 1256/1256 1257/1257 1253/1253
f 267/267 1258/1258 1260/1260
f 1258/1258 269/269 1259/1259
f 1260/1260 1259/1259 268/268
f 1258/1258 1259/1259 1260/1260
f 267/267 1261/1261 1258/1258
f 1261/1261 270/270 1262/1262
f 1258/1258 1262/1262 269/269
f 1261/1261 1262/1262 1258/1258
f 271/271 1263/1263 1264/1264
f 1263/1263 270/270 1261/1261
f 1264/1264 1261/1261 267/267
f 1263/1263 1261/1261 1264/1264
f 271/271 1265/1265 1263/1263
f 1265/1265 272/272 1266/1266
f 1263/1263 1266/1266 270/270
f 1265/1265 1266/1266 1263/1263
f 273/273 1267/1267 1268/1268
f 1267/1267 272/272 1265/1265
f 1268/1268 1265/1265 271/271
f 1267/1267 1265/1265 1268/1268
f 273/273 1269/1269 1267/1267
f 1269/1269 274/274 1270/1270
f 1267/1267 1270/1270 272/272
f 1269/1269 1270/1270 1267/1267
f 275/275 1271/1271 1273/1273
f 1271/1271 265/265 1272/1272
f 1273/1273 1272/1272 276/276
f 1271/1271 1272/1272 1273/1273
f 275/275 1274/1274 1271/1271
f 1274/1274 274/274 1275/1275
f 1271/1271 1275/1275 265/265
f 1274/1274 1275/1275 1271/1271
f 276/276 1276/1276 1278/1278
f 1276/1276 266/266 1277/1277
f 1278/1278 1277/1277 277/277
f 1276/1276 1277/1277 1278/1278
f 276/276 1272/1272 1276/1276
f 1272/1272 265/265 1257/1257
f 1276/1276 1257/1257 266/266
f 1272/1272 1257/1257 1276/1276
f 278/278 1279/1279 1281/1281
f 1279/1279 270/270 1280/1280
f 1281/1281 1280/1280 279/279
f 1279/1279 1280/1280 1281/1281
f 278/278 1282/1282 1279/1279
f 1282/1282 269/269 1262/1262
f 1279/1279 1262/1262 270/270
f 1282/1282 1262/1262 1279/1279
f 279/279 1283/1283 1285/1285
f 1283/1283 272/272 1284/1284
f 1285/1285 1284/1284 280/280
f 1283/1283 1284/1284 1285/1285
f 279/279 1280/1280 1283/1283
f 1280/1280 270/270 1266/1266
f 1283/1283 1266/1266 272/272
f 1280/1280 1266/1266 1283/1283
f 275/275 1286/1286 1274/1274
f 1286/1286 272/272 1270/1270
f 1274/1274 1270/1270 274/274
f 1286/1286 1270/1270 1274/1274
f 275/275 1287/1287 1286/1286
f 1287/1287 280/280 1284/1284
f 1286/1286 1284/1284 272/272
f 1287/1287 1284/1284 1286/1286
f 281/281 1288/1288 1290/1290
f 1288/1288 276/276 1289/1289
f 1290/1290 1289/1289 282/282
f 1288/1288 1289/1289 1290/1290
f 281/281 1291/1291 1288/1288
f 1291/1291 275/275 1273/1273
f 1288/1288 1273/1273 276/276
f 1291/1291 1273/1273 1288/1288
f 282/282 1292/1292 1294/1294
f 1292/1292 277/277 1293/1293
f 1294/1294 1293/1293 283/283
f 1292/1292 1293/1293 1294/1294
f 282/282 1289/1289 1292/1292
f 1289/1289 276/276 1278/1278
f 1292/1292 1278/1278 277/277
f 1289/1289 1278/1278 1292/1292
f 284/284 1295/1295 1297/1297
f 1295/1295 279/279 1296/1296
f 1297/1297 1296/1296 285/285
f 1295/1295 1296/1296 1297/1297
f 284/284 1298/1298 1295/1295
f 1298/1298 278/278 1281/1281
f 1295/1295 1281/1281 279/279
f 1298/1298 1281/1281 1295/1295
f 285/285 1299/1299 1301/1301
f 1299/1299 280/280 1300/1300
f 1301/1301 1300/1300 286/286
f 1299/1299 1300/1300 1301/1301
f 285/285 1296/1296 1299/1299
f 1296/1296 279/279 1285/1285
f 1299/1299 1285/1285 280/280
f 1296/1296 1285/1285 1299/1299
f 286/286 1302/1302 1303/1303
f 1302/1302 275/275 1291/1291
f 1303/1303 1291/1291 281/281
f 1302/1302 1291/1291 1303/1303
f 286/286 1300/1300 1302/1302
f 1300/1300 280/280 1287/1287
f 1302/1302 1287/1287 275/275
f 1300/1300 1287/1287 1302/1302
f 287/287 1304/1304 1306/1306
f 1304/1304 282/282 1305/1305
f 1306/1306 1305/1305 288/288
f 1304/1304 1305/1305 1306/1306
f 287/287 1307/1307 1304/1304
f 1307/1307 281/281 1290/1290
f 1304/1304 1290/1290 282/282
f 1307/1307 1290/1290 1304/1304
f 288/288 1308/1308 1310/1310
f 1308/1308 283/283 1309/1309
f 1310/1310 1309/1309 289/289
f 1308/1308 1309/1309 1310/1310
f 288/288 1305/1305 1308/1308
f 1305/1305 282/282 1294/1294
f 1308/1308 1294/1294 283/283
f 1305/1305 1294/1294 1308/1308
f 290/290 1311/1311 1313/1313
f 1311/1311 285/285 1312/1312
f 1313/1313 1312/1312 291/291
f 1311/1311 1312/1312 1313/1313
f 290/290 1314/1314 1311/1311
f 1314/1314 284/284 1297/1297
f 1311/1311 1297/1297 285/285
f 1314/1314 1297/1297 1311/1311
f 291/291 1315/1315 1317/1317
f 1315/1315 286/286 1316/1316
f 1317/1317 1316/1316 292/292
f 1315/1315 1316/1316 1317/1317
f 291/291 1312/1312 1315/1315
f 1312/1312 285/285 1301/1301
f 1315/1315 1301/1301 286/286
f 1312/1312 1301/1301 1315/1315
f 292/292 1318/1318 1319/1319
f 1318/1318 281/281 1307/1307
f 1319/1319 1307/1307 287/287
f 1318/1318 1307/1307 1319/1319
f 292/292 1316/1316 1318/1318
f 1316/1316 286/286 1303/1303
f 1318/1318 1303/1303 281/281
f 1316/1316 1303/1303 1318/1318
f 293/293 1320/1320 1322/1322
f 1320/1320 288/288 1321/1321
f 1322/1322 1321/1321 294/294
f 1320/1320 1321/1321 1322/1322
f 293/293 1323/1323 1320/1320
f 1323/1323 287/287 1306/1306
f 1320/1320 1306/1306 288/288
f 1323/1323 1306/1306 1320/1320
f 294/294 1324/1324 1326/1326
f 1324/1324 289/289 1325/1325
f 1326/1326 1325/1325 295/295
f 1324/1324 1325/1325 1326/1326
f 294/294 1321/1321 1324/1324
f 1321/1321 288/288 1310/1310
f 1324/1324 1310/1310 289/289
f 1321/1321 1310/1310 1324/1324
f 296/296 1327/1327 1329/1329
f 1327/1327 291/291 1328/1328
f 1329/1329 1328/1328 297/297
f 1327/1327 1328/1328 1329/1329
f 296/296 1330/1330 1327/1327
f 1330/1330 290/290 1313/1313
f 1327/1327 1313/1313 291/291
f 1330/1330 1313/1313 1327/1327
f 297/297 1331/1331 1333/1333
f 1331/1331 292/292 1332/1332
f 1333/1333 1332/1332 298/298
f 1331/1331 1332/1332 1333/1333
f 297/297 1328/1328 1331/1331
f 1328/1328 291/291 1317/1317
f 1331/1331 1317/1317 292/292
f 1328/1328 1317/1317 1331/1331
f 298/298 1334/1334 1335/1335
f 1334/1334 287/287 1323/1323
f 1335/1335 1323/1323 293/293
f 1334/1334 1323/1323 1335/1335
f 298/298 1332/1332 1334/1334
f 1332/1332 292/292 1319/1319
f 1334/1334 1319/1319 287/287
f 1332/1332 1319/1319 1334/1334
f 299/299 1336/1336 1338/1338
f 1336/1336 294/294 1337/1337
f 1338/1338 1337/1337 300/300
f 1336/1336 1337/1337 1338/1338
f 299/299 1339/1339 1336/1336
f 1339/1339 293/293 1322/1322
f 1336/1336 1322/1322 294/294
f 1339/1339 1322/1322 1336/1336
f 300/300 1340/1340 1342/1342
f 1340/1340 295/295 1341/1341
f 1342/1342 1341/1341 301/301
f 1340/1340 1341/1341 1342/1342
f 300/300 1337/1337 1340/1340
f 1337/1337 294/294 1326/1326
f 1340/1340 1326/1326 295/295
f 1337/1337 1326/1326 1340/1340
f 302/302 1343/1343 1345/1345
f 1343/1343 297/297 1344/1344
f 1345/1345 1344/1344 303/303
f 1343/1343 1344/1344 1345/1345
f 302/302 1346/1346 1343/1343
f 1346/1346 296/296 1329/1329
f 1343/1343 1329/1329 297/297
f 1346/1346 1329/1329 1343/1343
f 303/303 1347/1347 1349/1349
f 1347/1347 298/298 1348/1348
f 1349/1349 1348/1348 304/304
f 1347/1347 1348/1348 1349/1349
f 303/303 1344/1344 1347/1347
f 1344/1344 297/297 1333/1333
f 1347/1347 1333/1333 298/298
f 1344/1344 1333/1333 1347/1347
f 304/304 1350/1350 1351/1351
f 1350/1350 293/293 1339/1339
f 1351/1351 1339/1339 299/299
f 1350/1350 1339/1339 1351/1351
f 304/304 1348/1348 1350/1350
f 1348/1348 298/298 1335/1335
f 1350/1350 1335/1335 293/293
f 1348/1348 1335/1335 1350/1350
f 305/305 1352/1352 1354/1354
f 1352/1352 300/300 1353/1353
f 1354/1354 1353/1353 306/306
f 1352/1352 1353/1353 1354/1354
f 305/305 1355/1355 1352/1352
f 1355/1355 299/299 1338/1338
f 1352/1352 1338/1338 300/300
f 1355/1355 1338/1338 1352/1352
f 306/306 1356/1356 1358/1358
f 1356/1356 301/301 1357/1357
f 1358/1358 1357/1357 307/307
f 1356/1356 1357/1357 1358/1358
f 306/306 1353/1353 1356/1356
f 1353/1353 300/300 1342/1342
f 1356/1356 1342/1342 301/301
f 1353/1353 1342/1342 1356/1356
f 308/308 1359/1359 1361/1361
f 1359/1359 303/303 1360/1360
f 1361/1361 1360/1360 309/309
f 1359/1359 1360/1360 1361/1361
f 308/308 1362/1362 1359/1359
f 1362/1362 302/302 1345/1345
f 1359/1359 1345/1345 303/303
f 1362/1362 1345/1345 1359/1359
f 309/309 1363/1363 1365/1365
f 1363/1363 304/304 1364/1364
f 1365/1365 1364/1364 310/310
f 1363/1363 1364/1364 1365/1365
f 309/309 1360/1360 1363/1363
f 1360/1360 303/303 1349/1349
f 1363/1363 1349/1349 304/304
f 1360/1360 1349/1349 1363/1363
f 310/310 1366/1366 1367/1367
f 1366/1366 299/299 1355/1355
f 1367/1367 1355/1355 305/305
f 1366/1366 1355/1355 1367/1367
f 310/310 1364/1364 1366/1366
f 1364/1364 304/304 1351/1351
f 1366/1366 1351/1351 299/299
f 1364/1364 1351/1351 1366/1366
f 311/311 1368/1368 1370/1370
f 1368/1368 306/306 1369/1369
f 1370/1370 1369/1369 312/312
f 1368/1368 1369/1369 1370/1370
f 311/311 1371/1371 1368/1368
f 1371/1371 305/305 1354/1354
f 1368/1368 1354/1354 306/306
f 1371/1371 1354/1354 1368/1368
f 312/312 1372/1372 1374/1374
f 1372/1372 307/307 1373/1373
f 1374/1374 1373/1373 313/313
f 1372/1372 1373/1373 1374/1374
f 312/312 1369/1369 1372/1372
f 1369/1369 306/306 1358/1358
f 1372/1372 1358/1358 307/307
f 1369/1369 1358/1358 1372/1372
f 313/313 1375/1375 1377/1377
f 1375/1375 315/315 1376/1376
f 1377/1377 1376/1376 314/314
f 1375/1375 1376/1376 1377/1377
f 313/313 1373/1373 1375/1375
f 1373/1373 307/307 1378/1378
f 1375/1375 1378/1378 315/315
f 1373/1373 1378/1378 1375/1375
f 316/316 1379/1379 1381/1381
f 1379/1379 309/309 1380/1380
f 1381/1381 1380/1380 317/317
f 1379/1379 1380/1380 1381/1381
f 316/316 1382/1382 1379/1379
f 1382/1382 308/308 1361/1361
f 1379/1379 1361/1361 309/309
f 1382/1382 1361/1361 1379/1379
f 317/317 1383/1383 1385/1385
f 1383/1383 310/310 1384/1384
f 1385/1385 1384/1384 318/318
f 1383/1383 1384/1384 1385/1385
f 317/317 1380/1380 1383/1383
f 1380/1380 309/309 1365/1365
f 1383/1383 1365/1365 310/310
f 1380/1380 1365/1365 1383/1383
f 318/318 1386/1386 1387/1387
f 1386/1386 305/305 1371/1371
f 1387/1387 1371/1371 311/311
f 1386/1386 1371/1371 1387/1387
f 318/318 1384/1384 1386/1386
f 1384/1384 310/310 1367/1367
f 1386/1386 1367/1367 305/305
f 1384/1384 1367/1367 1386/1386
f 319/319 1388/1388 1390/1390
f 1388/1388 312/312 1389/1389
f 1390/1390 1389/1389 320/320
f 1388/1388 1389/1389 1390/1390
f 319/319 1391/1391 1388/1388
f 1391/1391 311/311 1370/1370
f 1388/1388 1370/1370 312/312
f 1391/1391 1370/1370 1388/1388
f 320/320 1392/1392 1394/1394
f 1392/1392 313/313 1393/1393
f 1394/1394 1393/1393 321/321
f 1392/1392 1393/1393 1394/1394
f 320/320 1389/1389 1392/1392
f 1389/1389 312/312 1374/1374
f 1392/1392 1374/1374 313/313
f 1389/1389 1374/1374 1392/1392
f 322/322 1395/1395 1396/1396
f 1395/1395 316/316 1381/1381
f 1396/1396 1381/1381 317/317
f 1395/1395 1381/1381 1396/1396
f 322/322 1397/1397 1395/1395
f 1397/1397 323/323 1398/1398
f 1395/1395 1398/1398 316/316
f 1397/1397 1398/1398 1395/1395
f 322/322 1399/1399 1401/1401
f 1399/1399 318/318 1400/1400
f 1401/1401 1400/1400 324/324
f 1399/1399 1400/1400 1401/1401
f 322/322 1396/1396 1399/1399
f 1396/1396 317/317 1385/1385
f 1399/1399 1385/1385 318/318
f 1396/1396 1385/1385 1399/1399
f 324/324 1402/1402 1403/1403
f 1402/1402 311/311 1391/1391
f 1403/1403 1391/1391 319/319
f 1402/1402 1391/1391 1403/1403
f 324/324 1400/1400 1402/1402
f 1400/1400 318/318 1387/1387
f 1402/1402 1387/1387 311/311
f 1400/1400 1387/1387 1402/1402
f 325/325 1404/1404 1406/1406
f 1404/1404 320/320 1405/1405
f 1406/1406 1405/1405 326/326
f 1404/1404 1405/1405 1406/1406
f 325/325 1407/1407 1404/1404
f 1407/1407 319/319 1390/1390
f 1404/1404 1390/1390 320/320
f 1407/1407 1390/1390 1404/1404
f 327/327 1408/1408 1410/1410
f 1408/1408 322/322 1409/1409
f 1410/1410 1409/1409 328/328
f 1408/1408 1409/1409 1410/1410
f 326/326 1411/1411 1413/1413
f 1411/1411 321/321 1412/1412
f 1413/1413 1412/1412 329/329
f 1411/1411 1412/1412 1413/1413
f 326/326 1405/1405 1411/1411
f 1405/1405 320/320 1394/1394
f 1411/1411 1394/1394 321/321
f 1405/1405 1394/1394 1411/1411
f 330/330 1414/1414 1416/1416
f 1414/1414 324/324 1415/1415
f 1416/1416 1415/1415 331/331
f 1414/1414 1415/1415 1416/1416
f 330/330 1417/1417 1414/1414
f 1417/1417 322/322 1401/1401
f 1414/1414 1401/1401 324/324
f 1417/1417 1401/1401 1414/1414
f 331/331 1418/1418 1419/1419
f 1418/1418 319/319 1407/1407
f 1419/1419 1407/1407 325/325
f 1418/1418 1407/1407 1419/1419
f 331/331 1415/1415 1418/1418
f 1415/1415 324/324 1403/1403
f 1418/1418 1403/1403 319/319
f 1415/1415 1403/1403 1418/1418
f 332/332 1420/1420 1422/1422
f 1420/1420 334/334 1421/1421
f 1422/1422 1421/1421 333/333
f 1420/1420 1421/1421 1422/1422
f 332/332 1423/1423 1420/1420
f 1423/1423 335/335 1424/1424
f 1420/1420 1424/1424 334/334
f 1423/1423 1424/1424 1420/1420
f 336/336 1425/1425 1427/1427
f 1425/1425 326/326 1426/1426
f 1427/1427 1426/1426 337/337
f 1425/1425 1426/1426 1427/1427
f 336/336 1428/1428 1425/1425
f 1428/1428 325/325 1406/1406
f 1425/1425 1406/1406 326/326
f 1428/1428 1406/1406 1425/1425
f 323/323 1397/1397 1429/1429
f 1397/1397 322/322 1408/1408
f 1429/1429 1408/1408 327/327
f 1397/1397 1408/1408 1429/1429
f 337/337 1430/1430 1432/1432
f 1430/1430 329/329 1431/1431
f 1432/1432 1431/1431 338/338
f 1430/1430 1431/1431 1432/1432
f 337/337 1426/1426 1430/1430
f 1426/1426 326/326 1413/1413
f 1430/1430 1413/1413 329/329
f 1426/1426 1413/1413 1430/1430
f 75/75 1433/1433 1435/1435
f 1433/1433 331/331 1434/1434
f 1435/1435 1434/1434 339/339
f 1433/1433 1434/1434 1435/1435
f 75/75 1436/1436 1433/1433
f 1436/1436 330/330 1416/1416
f 1433/1433 1416/1416 331/331
f 1436/1436 1416/1416 1433/1433
f 340/340 1437/1437 1439/1439
f 1437/1437 337/337 1438/1438
f 1439/1439 1438/1438 341/341
f 1437/1437 1438/1438 1439/1439
f 340/340 1440/1440 1437/1437
f 1440/1440 336/336 1427/1427
f 1437/1437 1427/1427 337/337
f 1440/1440 1427/1427 1437/1437
f 331/331 1441/1441 1434/1434
f 1441/1441 336/336 1442/1442
f 1434/1434 1442/1442 339/339
f 1441/1441 1442/1442 1434/1434
f 331/331 1419/1419 1441/1441
f 1419/1419 325/325 1428/1428
f 1441/1441 1428/1428 336/336
f 1419/1419 1428/1428 1441/1441
f 75/75 1443/1443 766/766
f 1443/1443 342/342 1444/1444
f 766/766 1444/1444 74/74
f 1443/1443 1444/1444 766/766
f 75/75 1435/1435 1443/1443
f 1435/1435 339/339 1445/1445
f 1443/1443 1445/1445 342/342
f 1435/1435 1445/1445 1443/1443
f 330/330 1436/1436 1446/1446
f 1436/1436 75/75 765/765
f 1446/1446 765/765 73/73
f 1436/1436 765/765 1446/1446
f 341/341 1447/1447 1449/1449
f 1447/1447 338/338 1448/1448
f 1449/1449 1448/1448 343/343
f 1447/1447 1448/1448 1449/1449
f 341/341 1438/1438 1447/1447
f 1438/1438 337/337 1432/1432
f 1447/1447 1432/1432 338/338
f 1438/1438 1432/1432 1447/1447
f 342/342 1450/1450 1451/1451
f 1450/1450 336/336 1440/1440
f 1451/1451 1440/1440 340/340
f 1450/1450 1440/1440 1451/1451
f 342/342 1445/1445 1450/1450
f 1445/1445 339/339 1442/1442
f 1450/1450 1442/1442 336/336
f 1445/1445 1442/1442 1450/1450
f 73/73 1452/1452 1454/1454
f 1452/1452 345/345 1453/1453
f 1454/1454 1453/1453 344/344
f 1452/1452 1453/1453 1454/1454
f 73/73 767/767 1452/1452
f 767/767 74/74 1455/1455
f 1452/1452 1455/1455 345/345
f 767/767 1455/1455 1452/1452
f 328/328 1456/1456 1457/1457
f 1456/1456 330/330 1446/1446
f 1457/1457 1446/1446 73/73
f 1456/1456 1446/1446 1457/1457
f 328/328 1409/1409 1456/1456
f 1409/1409 322/322 1417/1417
f 1456/1456 1417/1417 330/330
f 1409/1409 1417/1417 1456/1456
f 346/346 1458/1458 1460/1460
f 1458/1458 341/341 1459/1459
f 1460/1460 1459/1459 347/347
f 1458/1458 1459/1459 1460/1460
f 346/346 1461/1461 1458/1458
f 1461/1461 340/340 1439/1439
f 1458/1458 1439/1439 341/341
f 1461/1461 1439/1439 1458/1458
f 65/65 1462/1462 747/747
f 1462/1462 91/91 1463/1463
f 747/747 1463/1463 64/64
f 1462/1462 1463/1463 747/747
f 65/65 809/809 1462/1462
f 809/809 90/90 812/812
f 1462/1462 812/812 91/91
f 809/809 812/812 1462/1462
f 91/91 1464/1464 1465/1465
f 1464/1464 103/103 839/839
f 1465/1465 839/839 104/104
f 1464/1464 839/839 1465/1465
f 91/91 811/811 1464/1464
f 811/811 85/85 1466/1466
f 1464/1464 1466/1466 103/103
f 811/811 1466/1466 1464/1464
f 347/347 1467/1467 1469/1469
f 1467/1467 343/343 1468/1468
f 1469/1469 1468/1468 348/348
f 1467/1467 1468/1468 1469/1469
f 347/347 1459/1459 1467/1467
f 1459/1459 341/341 1449/1449
f 1467/1467 1449/1449 343/343
f 1459/1459 1449/1449 1467/1467
f 345/345 1470/1470 1472/1472
f 1470/1470 342/342 1471/1471
f 1472/1472 1471/1471 349/349
f 1470/1470 1471/1471 1472/1472
f 345/345 1455/1455 1470/1470
f 1455/1455 74/74 1444/1444
f 1470/1470 1444/1444 342/342
f 1455/1455 1444/1444 1470/1470
f 349/349 1473/1473 1474/1474
f 1473/1473 340/340 1461/1461
f 1474/1474 1461/1461 346/346
f 1473/1473 1461/1461 1474/1474
f 349/349 1471/1471 1473/1473
f 1471/1471 342/342 1451/1451
f 1473/1473 1451/1451 340/340
f 1471/1471 1451/1451 1473/1473
f 344/344 1475/1475 1454/1454
f 1475/1475 350/350 1476/1476
f 1454/1454 1476/1476 73/73
f 1475/1475 1476/1476 1454/1454
f 344/344 1477/1477 1475/1475
f 1477/1477 351/351 1478/1478
f 1475/1475 1478/1478 350/350
f 1477/1477 1478/1478 1475/1475
f 352/352 1479/1479 1481/1481
f 1479/1479 347/347 1480/1480
f 1481/1481 1480/1480 353/353
f 1479/1479 1480/1480 1481/1481
f 352/352 1482/1482 1479/1479
f 1482/1482 346/346 1460/1460
f 1479/1479 1460/1460 347/347
f 1482/1482 1460/1460 1479/1479
f 353/353 1483/1483 1485/1485
f 1483/1483 348/348 1484/1484
f 1485/1485 1484/1484 354/354
f 1483/1483 1484/1484 1485/1485
f 353/353 1480/1480 1483/1483
f 1480/1480 347/347 1469/1469
f 1483/1483 1469/1469 348/348
f 1480/1480 1469/1469 1483/1483
f 355/355 1486/1486 1488/1488
f 1486/1486 349/349 1487/1487
f 1488/1488 1487/1487 356/356
f 1486/1486 1487/1487 1488/1488
f 355/355 1489/1489 1486/1486
f 1489/1489 345/345 1472/1472
f 1486/1486 1472/1472 349/349
f 1489/1489 1472/1472 1486/1486
f 356/356 1490/1490 1491/1491
f 1490/1490 346/346 1482/1482
f 1491/1491 1482/1482 352/352
f 1490/1490 1482/1482 1491/1491
f 356/356 1487/1487 1490/1490
f 1487/1487 349/349 1474/1474
f 1490/1490 1474/1474 346/346
f 1487/1487 1474/1474 1490/1490
f 357/357 1492/1492 1493/1493
f 1492/1492 345/345 1489/1489
f 1493/1493 1489/1489 355/355
f 1492/1492 1489/1489 1493/1493
f 357/357 1494/1494 1492/1492
f 1494/1494 344/344 1453/1453
f 1492/1492 1453/1453 345/345
f 1494/1494 1453/1453 1492/1492
f 358/358 1495/1495 1497/1497
f 1495/1495 353/353 1496/1496
f 1497/1497 1496/1496 359/359
f 1495/1495 1496/1496 1497/1497
f 358/358 1498/1498 1495/1495
f 1498/1498 352/352 1481/1481
f 1495/1495 1481/1481 353/353
f 1498/1498 1481/1481 1495/1495
f 359/359 1499/1499 1501/1501
f 1499/1499 354/354 1500/1500
f 1501/1501 1500/1500 360/360
f 1499/1499 1500/1500 1501/1501
f 359/359 1496/1496 1499/1499
f 1496/1496 353/353 1485/1485
f 1499/1499 1485/1485 354/354
f 1496/1496 1485/1485 1499/1499
f 360/360 1502/1502 1504/1504
f 1502/1502 362/362 1503/1503
f 1504/1504 1503/1503 361/361
f 1502/1502 1503/1503 1504/1504
f 360/360 1500/1500 1502/1502
f 1500/1500 354/354 1505/1505
f 1502/1502 1505/1505 362/362
f 1500/1500 1505/1505 1502/1502
f 363/363 1506/1506 1508/1508
f 1506/1506 356/356 1507/1507
f 1508/1508 1507/1507 364/364
f 1506/1506 1507/1507 1508/1508
f 363/363 1509/1509 1506/1506
f 1509/1509 355/355 1488/1488
f 1506/1506 1488/1488 356/356
f 1509/1509 1488/1488 1506/1506
f 364/364 1510/1510 1511/1511
f 1510/1510 352/352 1498/1498
f 1511/1511 1498/1498 358/358
f 1510/1510 1498/1498 1511/1511
f 364/364 1507/1507 1510/1510
f 1507/1507 356/356 1491/1491
f 1510/1510 1491/1491 352/352
f 1507/1507 1491/1491 1510/1510
f 365/365 1512/1512 1513/1513
f 1512/1512 355/355 1509/1509
f 1513/1513 1509/1509 363/363
f 1512/1512 1509/1509 1513/1513
f 365/365 1514/1514 1512/1512
f 1514/1514 357/357 1493/1493
f 1512/1512 1493/1493 355/355
f 1514/1514 1493/1493 1512/1512
f 366/366 1515/1515 1517/1517
f 1515/1515 359/359 1516/1516
f 1517/1517 1516/1516 367/367
f 1515/1515 1516/1516 1517/1517
f 366/366 1518/1518 1515/1515
f 1518/1518 358/358 1497/1497
f 1515/1515 1497/1497 359/359
f 1518/1518 1497/1497 1515/1515
f 367/367 1519/1519 1521/1521
f 1519/1519 360/360 1520/1520
f 1521/1521 1520/1520 368/368
f 1519/1519 1520/1520 1521/1521
f 367/367 1516/1516 1519/1519
f 1516/1516 359/359 1501/1501
f 1519/1519 1501/1501 360/360
f 1516/1516 1501/1501 1519/1519
f 368/368 1522/1522 1524/1524
f 1522/1522 361/361 1523/1523
f 1524/1524 1523/1523 369/369
f 1522/1522 1523/1523 1524/1524
f 368/368 1520/1520 1522/1522
f 1520/1520 360/360 1504/1504
f 1522/1522 1504/1504 361/361
f 1520/1520 1504/1504 1522/1522
f 370/370 1525/1525 1527/1527
f 1525/1525 364/364 1526/1526
f 1527/1527 1526/1526 371/371
f 1525/1525 1526/1526 1527/1527
f 370/370 1528/1528 1525/1525
f 1528/1528 363/363 1508/1508
f 1525/1525 1508/1508 364/364
f 1528/1528 1508/1508 1525/1525
f 371/371 1529/1529 1530/1530
f 1529/1529 358/358 1518/1518
f 1530/1530 1518/1518 366/366
f 1529/1529 1518/1518 1530/1530
f 371/371 1526/1526 1529/1529
f 1526/1526 364/364 1511/1511
f 1529/1529 1511/1511 358/358
f 1526/1526 1511/1511 1529/1529
f 372/372 1531/1531 1532/1532
f 1531/1531 363/363 1528/1528
f 1532/1532 1528/1528 370/370
f 1531/1531 1528/1528 1532/1532
f 372/372 1533/1533 1531/1531
f 1533/1533 365/365 1513/1513
f 1531/1531 1513/1513 363/363
f 1533/1533 1513/1513 1531/1531
f 373/373 1534/1534 1536/1536
f 1534/1534 367/367 1535/1535
f 1536/1536 1535/1535 374/374
f 1534/1534 1535/1535 1536/1536
f 373/373 1537/1537 1534/1534
f 1537/1537 366/366 1517/1517
f 1534/1534 1517/1517 367/367
f 1537/1537 1517/1517 1534/1534
f 374/374 1538/1538 1540/1540
f 1538/1538 368/368 1539/1539
f 1540/1540 1539/1539 375/375
f 1538/1538 1539/1539 1540/1540
f 374/374 1535/1535 1538/1538
f 1535/1535 367/367 1521/1521
f 1538/1538 1521/1521 368/368
f 1535/1535 1521/1521 1538/1538
f 376/376 1541/1541 1543/1543
f 1541/1541 371/371 1542/1542
f 1543/1543 1542/1542 377/377
f 1541/1541 1542/1542 1543/1543
f 376/376 1544/1544 1541/1541
f 1544/1544 370/370 1527/1527
f 1541/1541 1527/1527 371/371
f 1544/1544 1527/1527 1541/1541
f 377/377 1545/1545 1546/1546
f 1545/1545 366/366 1537/1537
f 1546/1546 1537/1537 373/373
f 1545/1545 1537/1537 1546/1546
f 377/377 1542/1542 1545/1545
f 1542/1542 371/371 1530/1530
f 1545/1545 1530/1530 366/366
f 1542/1542 1530/1530 1545/1545
f 378/378 1547/1547 1548/1548
f 1547/1547 370/370 1544/1544
f 1548/1548 1544/1544 376/376
f 1547/1547 1544/1544 1548/1548
f 378/378 1549/1549 1547/1547
f 1549/1549 372/372 1532/1532
f 1547/1547 1532/1532 370/370
f 1549/1549 1532/1532 1547/1547
f 379/379 1550/1550 1552/1552
f 1550/1550 376/376 1551/1551
f 1552/1552 1551/1551 380/380
f 1550/1550 1551/1551 1552/1552
f 374/374 1553/1553 1536/1536
f 1553/1553 377/377 1546/1546
f 1536/1536 1546/1546 373/373
f 1553/1553 1546/1546 1536/1536
f 380/380 1554/1554 1556/1556
f 1554/1554 375/375 1555/1555
f 1556/1556 1555/1555 381/381
f 1554/1554 1555/1555 1556/1556
f 380/380 1557/1557 1554/1554
f 1557/1557 374/374 1540/1540
f 1554/1554 1540/1540 375/375
f 1557/1557 1540/1540 1554/1554
f 382/382 1558/1558 1559/1559
f 1558/1558 376/376 1550/1550
f 1559/1559 1550/1550 379/379
f 1558/1558 1550/1550 1559/1559
f 382/382 1560/1560 1558/1558
f 1560/1560 378/378 1548/1548
f 1558/1558 1548/1548 376/376
f 1560/1560 1548/1548 1558/1558
f 64/64 1561/1561 844/844
f 1561/1561 104/104 847/847
f 844/844 847/847 100/100
f 1561/1561 847/847 844/844
f 64/64 1463/1463 1561/1561
f 1463/1463 91/91 1465/1465
f 1561/1561 1465/1465 104/104
f 1463/1463 1465/1465 1561/1561
f 383/383 1562/1562 1564/1564
f 1562/1562 381/381 1563/1563
f 1564/1564 1563/1563 384/384
f 1562/1562 1563/1563 1564/1564
f 383/383 1565/1565 1562/1562
f 1565/1565 380/380 1556/1556
f 1562/1562 1556/1556 381/381
f 1565/1565 1556/1556 1562/1562
f 385/385 1566/1566 1567/1567
f 1566/1566 384/384 1563/1563
f 1567/1567 1563/1563 381/381
f 1566/1566 1563/1563 1567/1567
f 383/383 1568/1568 1565/1565
f 1568/1568 379/379 1552/1552
f 1565/1565 1552/1552 380/380
f 1568/1568 1552/1552 1565/1565
f 383/383 1569/1569 1568/1568
f 1569/1569 382/382 1559/1559
f 1568/1568 1559/1559 379/379
f 1569/1569 1559/1559 1568/1568
f 386/386 1570/1570 1572/1572
f 1570/1570 273/273 1571/1571
f 1572/1572 1571/1571 387/387
f 1570/1570 1571/1571 1572/1572
f 386/386 1573/1573 1570/1570
f 1573/1573 264/264 1574/1574
f 1570/1570 1574/1574 273/273
f 1573/1573 1574/1574 1570/1570
f 388/388 1575/1575 1576/1576
f 1575/1575 264/264 1573/1573
f 1576/1576 1573/1573 386/386
f 1575/1575 1573/1573 1576/1576
f 388/388 1577/1577 1575/1575
f 1577/1577 263/263 1255/1255
f 1575/1575 1255/1255 264/264
f 1577/1577 1255/1255 1575/1575
f 389/389 1578/1578 1579/1579
f 1578/1578 263/263 1577/1577
f 1579/1579 1577/1577 388/388
f 1578/1578 1577/1577 1579/1579
f 389/389 1580/1580 1578/1578
f 1580/1580 390/390 1581/1581
f 1578/1578 1581/1581 263/263
f 1580/1580 1581/1581 1578/1578
f 391/391 1582/1582 1584/1584
f 1582/1582 268/268 1583/1583
f 1584/1584 1583/1583 392/392
f 1582/1582 1583/1583 1584/1584
f 391/391 1585/1585 1582/1582
f 1585/1585 267/267 1260/1260
f 1582/1582 1260/1260 268/268
f 1585/1585 1260/1260 1582/1582
f 393/393 1586/1586 1587/1587
f 1586/1586 267/267 1585/1585
f 1587/1587 1585/1585 391/391
f 1586/1586 1585/1585 1587/1587
f 393/393 1588/1588 1586/1586
f 1588/1588 271/271 1264/1264
f 1586/1586 1264/1264 267/267
f 1588/1588 1264/1264 1586/1586
f 387/387 1589/1589 1590/1590
f 1589/1589 271/271 1588/1588
f 1590/1590 1588/1588 393/393
f 1589/1589 1588/1588 1590/1590
f 387/387 1571/1571 1589/1589
f 1571/1571 273/273 1268/1268
f 1589/1589 1268/1268 271/271
f 1571/1571 1268/1268 1589/1589
f 394/394 1591/1591 1593/1593
f 1591/1591 387/387 1592/1592
f 1593/1593 1592/1592 395/395
f 1591/1591 1592/1592 1593/1593
f 394/394 1594/1594 1591/1591
f 1594/1594 386/386 1572/1572
f 1591/1591 1572/1572 387/387
f 1594/1594 1572/1572 1591/1591
f 396/396 1595/1595 1596/1596
f 1595/1595 386/386 1594/1594
f 1596/1596 1594/1594 394/394
f 1595/1595 1594/1594 1596/1596
f 396/396 1597/1597 1595/1595
f 1597/1597 388/388 1576/1576
f 1595/1595 1576/1576 386/386
f 1597/1597 1576/1576 1595/1595
f 397/397 1598/1598 1599/1599
f 1598/1598 388/388 1597/1597
f 1599/1599 1597/1597 396/396
f 1598/1598 1597/1597 1599/1599
f 397/397 1600/1600 1598/1598
f 1600/1600 389/389 1579/1579
f 1598/1598 1579/1579 388/388
f 1600/1600 1579/1579 1598/1598
f 398/398 1601/1601 1603/1603
f 1601/1601 392/392 1602/1602
f 1603/1603 1602/1602 399/399
f 1601/1601 1602/1602 1603/1603
f 398/398 1604/1604 1601/1601
f 1604/1604 391/391 1584/1584
f 1601/1601 1584/1584 392/392
f 1604/1604 1584/1584 1601/1601
f 400/400 1605/1605 1606/1606
f 1605/1605 391/391 1604/1604
f 1606/1606 1604/1604 398/398
f 1605/1605 1604/1604 1606/1606
f 400/400 1607/1607 1605/1605
f 1607/1607 393/393 1587/1587
f 1605/1605 1587/1587 391/391
f 1607/1607 1587/1587 1605/1605
f 395/395 1608/1608 1609/1609
f 1608/1608 393/393 1607/1607
f 1609/1609 1607/1607 400/400
f 1608/1608 1607/1607 1609/1609
f 395/395 1592/1592 1608/1608
f 1592/1592 387/387 1590/1590
f 1608/1608 1590/1590 393/393
f 1592/1592 1590/1590 1608/1608
f 401/401 1610/1610 1612/1612
f 1610/1610 395/395 1611/1611
f 1612/1612 1611/1611 186/186
f 1610/1610 1611/1611 1612/1612
f 401/401 1613/1613 1610/1610
f 1613/1613 394/394 1593/1593
f 1610/1610 1593/1593 395/395
f 1613/1613 1593/1593 1610/1610
f 402/402 1614/1614 1615/1615
f 1614/1614 394/394 1613/1613
f 1615/1615 1613/1613 401/401
f 1614/1614 1613/1613 1615/1615
f 402/402 1616/1616 1614/1614
f 1616/1616 396/396 1596/1596
f 1614/1614 1596/1596 394/394
f 1616/1616 1596/1596 1614/1614
f 403/403 1617/1617 1618/1618
f 1617/1617 396/396 1616/1616
f 1618/1618 1616/1616 402/402
f 1617/1617 1616/1616 1618/1618
f 403/403 1619/1619 1617/1617
f 1619/1619 397/397 1599/1599
f 1617/1617 1599/1599 396/396
f 1619/1619 1599/1599 1617/1617
f 404/404 1620/1620 1622/1622
f 1620/1620 399/399 1621/1621
f 1622/1622 1621/1621 405/405
f 1620/1620 1621/1621 1622/1622
f 404/404 1623/1623 1620/1620
f 1623/1623 398/398 1603/1603
f 1620/1620 1603/1603 399/399
f 1623/1623 1603/1603 1620/1620
f 185/185 1624/1624 1625/1625
f 1624/1624 398/398 1623/1623
f 1625/1625 1623/1623 404/404
f 1624/1624 1623/1623 1625/1625
f 185/185 1626/1626 1624/1624
f 1626/1626 400/400 1606/1606
f 1624/1624 1606/1606 398/398
f 1626/1626 1606/1606 1624/1624
f 186/186 1627/1627 1047/1047
f 1627/1627 400/400 1626/1626
f 1047/1047 1626/1626 185/185
f 1627/1627 1626/1626 1047/1047
f 186/186 1611/1611 1627/1627
f 1611/1611 395/395 1609/1609
f 1627/1627 1609/1609 400/400
f 1611/1611 1609/1609 1627/1627
f 157/157 1628/1628 982/982
f 1628/1628 186/186 1046/1046
f 982/982 1046/1046 156/156
f 1628/1628 1046/1046 982/982
f 406/406 1629/1629 1631/1631
f 1629/1629 401/401 1630/1630
f 1631/1631 1630/1630 407/407
f 1629/1629 1630/1630 1631/1631
f 406/406 1632/1632 1629/1629
f 1632/1632 402/402 1615/1615
f 1629/1629 1615/1615 401/401
f 1632/1632 1615/1615 1629/1629
f 408/408 1633/1633 1634/1634
f 1633/1633 402/402 1632/1632
f 1634/1634 1632/1632 406/406
f 1633/1633 1632/1632 1634/1634
f 408/408 1635/1635 1633/1633
f 1635/1635 403/403 1618/1618
f 1633/1633 1618/1618 402/402
f 1635/1635 1618/1618 1633/1633
f 409/409 1636/1636 1638/1638
f 1636/1636 405/405 1637/1637
f 1638/1638 1637/1637 410/410
f 1636/1636 1637/1637 1638/1638
f 409/409 1639/1639 1636/1636
f 1639/1639 404/404 1622/1622
f 1636/1636 1622/1622 405/405
f 1639/1639 1622/1622 1636/1636
f 184/184 1640/1640 1641/1641
f 1640/1640 404/404 1639/1639
f 1641/1641 1639/1639 409/409
f 1640/1640 1639/1639 1641/1641
f 184/184 1044/1044 1640/1640
f 1044/1044 185/185 1625/1625
f 1640/1640 1625/1625 404/404
f 1044/1044 1625/1625 1640/1640
f 411/411 1642/1642 1644/1644
f 1642/1642 413/413 1643/1643
f 1644/1644 1643/1643 412/412
f 1642/1642 1643/1643 1644/1644
f 411/411 1645/1645 1642/1642
f 1645/1645 414/414 1646/1646
f 1642/1642 1646/1646 413/413
f 1645/1645 1646/1646 1642/1642
f 414/414 1647/1647 1646/1646
f 1647/1647 415/415 1648/1648
f 1646/1646 1648/1648 413/413
f 1647/1647 1648/1648 1646/1646
f 414/414 1649/1649 1647/1647
f 1649/1649 416/416 1650/1650
f 1647/1647 1650/1650 415/415
f 1649/1649 1650/1650 1647/1647
f 174/174 1651/1651 1050/1050
f 1651/1651 171/171 1652/1652
f 1050/1050 1652/1652 188/188
f 1651/1651 1652/1652 1050/1050
f 174/174 1653/1653 1651/1651
f 1653/1653 170/170 1006/1006
f 1651/1651 1006/1006 171/171
f 1653/1653 1006/1006 1651/1651
f 417/417 1654/1654 1656/1656
f 1654/1654 412/412 1655/1655
f 1656/1656 1655/1655 418/418
f 1654/1654 1655/1655 1656/1656
f 417/417 1657/1657 1654/1654
f 1657/1657 411/411 1644/1644
f 1654/1654 1644/1644 412/412
f 1657/1657 1644/1644 1654/1654
f 407/407 1658/1658 1659/1659
f 1658/1658 412/412 1643/1643
f 1659/1659 1643/1643 413/413
f 1658/1658 1643/1643 1659/1659
f 407/407 1660/1660 1658/1658
f 1660/1660 157/157 1661/1661
f 1658/1658 1661/1661 412/412
f 1660/1660 1661/1661 1658/1658
f 406/406 1662/1662 1663/1663
f 1662/1662 413/413 1648/1648
f 1663/1663 1648/1648 415/415
f 1662/1662 1648/1648 1663/1663
f 406/406 1631/1631 1662/1662
f 1631/1631 407/407 1659/1659
f 1662/1662 1659/1659 413/413
f 1631/1631 1659/1659 1662/1662
f 158/158 1664/1664 1666/1666
f 1664/1664 419/419 1665/1665
f 1666/1666 1665/1665 418/418
f 1664/1664 1665/1665 1666/1666
f 158/158 1667/1667 1664/1664
f 1667/1667 420/420 1668/1668
f 1664/1664 1668/1668 419/419
f 1667/1667 1668/1668 1664/1664
f 156/156 1669/1669 980/980
f 1669/1669 420/420 1667/1667
f 980/980 1667/1667 158/158
f 1669/1669 1667/1667 980/980
f 156/156 1045/1045 1669/1669
f 1045/1045 184/184 1670/1670
f 1669/1669 1670/1670 420/420
f 1045/1045 1670/1670 1669/1669
f 157/157 1671/1671 1661/1661
f 1671/1671 418/418 1655/1655
f 1661/1661 1655/1655 412/412
f 1671/1671 1655/1655 1661/1661
f 157/157 981/981 1671/1671
f 981/981 158/158 1666/1666
f 1671/1671 1666/1666 418/418
f 981/981 1666/1666 1671/1671
f 421/421 1672/1672 1674/1674
f 1672/1672 409/409 1673/1673
f 1674/1674 1673/1673 422/422
f 1672/1672 1673/1673 1674/1674
f 421/421 1675/1675 1672/1672
f 1675/1675 184/184 1641/1641
f 1672/1672 1641/1641 409/409
f 1675/1675 1641/1641 1672/1672
f 409/409 1676/1676 1673/1673
f 1676/1676 423/423 1677/1677
f 1673/1673 1677/1677 422/422
f 1676/1676 1677/1677 1673/1673
f 409/409 1638/1638 1676/1676
f 1638/1638 410/410 1678/1678
f 1676/1676 1678/1678 423/423
f 1638/1638 1678/1678 1676/1676
f 424/424 1679/1679 1680/1680
f 1679/1679 184/184 1675/1675
f 1680/1680 1675/1675 421/421
f 1679/1679 1675/1675 1680/1680
f 424/424 1681/1681 1679/1679
f 1681/1681 420/420 1670/1670
f 1679/1679 1670/1670 184/184
f 1681/1681 1670/1670 1679/1679
f 420/420 1682/1682 1668/1668
f 1682/1682 425/425 1683/1683
f 1668/1668 1683/1683 419/419
f 1682/1682 1683/1683 1668/1668
f 420/420 1684/1684 1682/1682
f 1684/1684 426/426 1685/1685
f 1682/1682 1685/1685 425/425
f 1684/1684 1685/1685 1682/1682
f 420/420 1681/1681 1684/1684
f 1681/1681 424/424 1686/1686
f 1684/1684 1686/1686 426/426
f 1681/1681 1686/1686 1684/1684
f 427/427 1687/1687 1689/1689
f 1687/1687 423/423 1688/1688
f 1689/1689 1688/1688 428/428
f 1687/1687 1688/1688 1689/1689
f 427/427 1690/1690 1687/1687
f 1690/1690 422/422 1677/1677
f 1687/1687 1677/1677 423/423
f 1690/1690 1677/1677 1687/1687
f 429/429 1691/1691 1692/1692
f 1691/1691 422/422 1690/1690
f 1692/1692 1690/1690 427/427
f 1691/1691 1690/1690 1692/1692
f 429/429 1693/1693 1691/1691
f 1693/1693 421/421 1674/1674
f 1691/1691 1674/1674 422/422
f 1693/1693 1674/1674 1691/1691
f 430/430 1694/1694 1696/1696
f 1694/1694 424/424 1695/1695
f 1696/1696 1695/1695 431/431
f 1694/1694 1695/1695 1696/1696
f 430/430 1697/1697 1694/1694
f 1697/1697 426/426 1686/1686
f 1694/1694 1686/1686 424/424
f 1697/1697 1686/1686 1694/1694
f 425/425 1698/1698 1700/1700
f 1698/1698 430/430 1699/1699
f 1700/1700 1699/1699 432/432
f 1698/1698 1699/1699 1700/1700
f 425/425 1685/1685 1698/1698
f 1685/1685 426/426 1697/1697
f 1698/1698 1697/1697 430/430
f 1685/1685 1697/1697 1698/1698
f 4/4 1701/1701 1703/1703
f 1701/1701 432/432 1702/1702
f 1703/1703 1702/1702 433/433
f 1701/1701 1702/1702 1703/1703
f 4/4 1704/1704 1701/1701
f 1704/1704 425/425 1700/1700
f 1701/1701 1700/1700 432/432
f 1704/1704 1700/1700 1701/1701
f 431/431 1705/1705 1706/1706
f 1705/1705 421/421 1693/1693
f 1706/1706 1693/1693 429/429
f 1705/1705 1693/1693 1706/1706
f 431/431 1695/1695 1705/1705
f 1695/1695 424/424 1680/1680
f 1705/1705 1680/1680 421/421
f 1695/1695 1680/1680 1705/1705
f 434/434 1707/1707 1709/1709
f 1707/1707 428/428 1708/1708
f 1709/1709 1708/1708 435/435
f 1707/1707 1708/1708 1709/1709
f 434/434 1710/1710 1707/1707
f 1710/1710 427/427 1689/1689
f 1707/1707 1689/1689 428/428
f 1710/1710 1689/1689 1707/1707
f 436/436 1711/1711 1712/1712
f 1711/1711 427/427 1710/1710
f 1712/1712 1710/1710 434/434
f 1711/1711 1710/1710 1712/1712
f 436/436 1713/1713 1711/1711
f 1713/1713 429/429 1692/1692
f 1711/1711 1692/1692 427/427
f 1713/1713 1692/1692 1711/1711
f 437/437 1714/1714 1716/1716
f 1714/1714 430/430 1715/1715
f 1716/1716 1715/1715 438/438
f 1714/1714 1715/1715 1716/1716
f 437/437 1717/1717 1714/1714
f 1717/1717 432/432 1699/1699
f 1714/1714 1699/1699 430/430
f 1717/1717 1699/1699 1714/1714
f 438/438 1718/1718 1720/1720
f 1718/1718 431/431 1719/1719
f 1720/1720 1719/1719 439/439
f 1718/1718 1719/1719 1720/1720
f 438/438 1715/1715 1718/1718
f 1715/1715 430/430 1696/1696
f 1718/1718 1696/1696 431/431
f 1715/1715 1696/1696 1718/1718
f 439/439 1721/1721 1722/1722
f 1721/1721 429/429 1713/1713
f 1722/1722 1713/1713 436/436
f 1721/1721 1713/1713 1722/1722
f 439/439 1719/1719 1721/1721
f 1719/1719 431/431 1706/1706
f 1721/1721 1706/1706 429/429
f 1719/1719 1706/1706 1721/1721
f 440/440 1723/1723 1725/1725
f 1723/1723 442/442 1724/1724
f 1725/1725 1724/1724 441/441
f 1723/1723 1724/1724 1725/1725
f 440/440 1726/1726 1723/1723
f 1726/1726 443/443 1727/1727
f 1723/1723 1727/1727 442/442
f 1726/1726 1727/1727 1723/1723
f 441/441 1728/1728 1730/1730
f 1728/1728 445/445 1729/1729
f 1730/1730 1729/1729 444/444
f 1728/1728 1729/1729 1730/1730
f 441/441 1724/1724 1728/1728
f 1724/1724 442/442 1731/1731
f 1728/1728 1731/1731 445/445
f 1724/1724 1731/1731 1728/1728
f 444/444 1732/1732 1733/1733
f 1732/1732 432/432 1717/1717
f 1733/1733 1717/1717 437/437
f 1732/1732 1717/1717 1733/1733
f 444/444 1729/1729 1732/1732
f 1729/1729 445/445 1734/1734
f 1732/1732 1734/1734 432/432
f 1729/1729 1734/1734 1732/1732
f 446/446 1735/1735 1737/1737
f 1735/1735 435/435 1736/1736
f 1737/1737 1736/1736 447/447
f 1735/1735 1736/1736 1737/1737
f 446/446 1738/1738 1735/1735
f 1738/1738 434/434 1709/1709
f 1735/1735 1709/1709 435/435
f 1738/1738 1709/1709 1735/1735
f 448/448 1739/1739 1740/1740
f 1739/1739 434/434 1738/1738
f 1740/1740 1738/1738 446/446
f 1739/1739 1738/1738 1740/1740
f 448/448 1741/1741 1739/1739
f 1741/1741 436/436 1712/1712
f 1739/1739 1712/1712 434/434
f 1741/1741 1712/1712 1739/1739
f 449/449 1742/1742 1744/1744
f 1742/1742 438/438 1743/1743
f 1744/1744 1743/1743 450/450
f 1742/1742 1743/1743 1744/1744
f 449/449 1745/1745 1742/1742
f 1745/1745 437/437 1716/1716
f 1742/1742 1716/1716 438/438
f 1745/1745 1716/1716 1742/1742
f 450/450 1746/1746 1748/1748
f 1746/1746 439/439 1747/1747
f 1748/1748 1747/1747 451/451
f 1746/1746 1747/1747 1748/1748
f 450/450 1743/1743 1746/1746
f 1743/1743 438/438 1720/1720
f 1746/1746 1720/1720 439/439
f 1743/1743 1720/1720 1746/1746
f 451/451 1749/1749 1750/1750
f 1749/1749 436/436 1741/1741
f 1750/1750 1741/1741 448/448
f 1749/1749 1741/1741 1750/1750
f 451/451 1747/1747 1749/1749
f 1747/1747 439/439 1722/1722
f 1749/1749 1722/1722 436/436
f 1747/1747 1722/1722 1749/1749
f 452/452 1751/1751 1753/1753
f 1751/1751 441/441 1752/1752
f 1753/1753 1752/1752 453/453
f 1751/1751 1752/1752 1753/1753
f 452/452 1754/1754 1751/1751
f 1754/1754 440/440 1725/1725
f 1751/1751 1725/1725 441/441
f 1754/1754 1725/1725 1751/1751
f 453/453 1755/1755 1757/1757
f 1755/1755 444/444 1756/1756
f 1757/1757 1756/1756 454/454
f 1755/1755 1756/1756 1757/1757
f 453/453 1752/1752 1755/1755
f 1752/1752 441/441 1730/1730
f 1755/1755 1730/1730 444/444
f 1752/1752 1730/1730 1755/1755
f 454/454 1758/1758 1759/1759
f 1758/1758 437/437 1745/1745
f 1759/1759 1745/1745 449/449
f 1758/1758 1745/1745 1759/1759
f 454/454 1756/1756 1758/1758
f 1756/1756 444/444 1733/1733
f 1758/1758 1733/1733 437/437
f 1756/1756 1733/1733 1758/1758
f 455/455 1760/1760 1762/1762
f 1760/1760 447/447 1761/1761
f 1762/1762 1761/1761 456/456
f 1760/1760 1761/1761 1762/1762
f 455/455 1763/1763 1760/1760
f 1763/1763 446/446 1737/1737
f 1760/1760 1737/1737 447/447
f 1763/1763 1737/1737 1760/1760
f 457/457 1764/1764 1765/1765
f 1764/1764 446/446 1763/1763
f 1765/1765 1763/1763 455/455
f 1764/1764 1763/1763 1765/1765
f 457/457 1766/1766 1764/1764
f 1766/1766 448/448 1740/1740
f 1764/1764 1740/1740 446/446
f 1766/1766 1740/1740 1764/1764
f 458/458 1767/1767 1769/1769
f 1767/1767 450/450 1768/1768
f 1769/1769 1768/1768 459/459
f 1767/1767 1768/1768 1769/1769
f 458/458 1770/1770 1767/1767
f 1770/1770 449/449 1744/1744
f 1767/1767 1744/1744 450/450
f 1770/1770 1744/1744 1767/1767
f 459/459 1771/1771 1773/1773
f 1771/1771 451/451 1772/1772
f 1773/1773 1772/1772 460/460
f 1771/1771 1772/1772 1773/1773
f 459/459 1768/1768 1771/1771
f 1768/1768 450/450 1748/1748
f 1771/1771 1748/1748 451/451
f 1768/1768 1748/1748 1771/1771
f 460/460 1774/1774 1775/1775
f 1774/1774 448/448 1766/1766
f 1775/1775 1766/1766 457/457
f 1774/1774 1766/1766 1775/1775
f 460/460 1772/1772 1774/1774
f 1772/1772 451/451 1750/1750
f 1774/1774 1750/1750 448/448
f 1772/1772 1750/1750 1774/1774
f 461/461 1776/1776 1778/1778
f 1776/1776 453/453 1777/1777
f 1778/1778 1777/1777 462/462
f 1776/1776 1777/1777 1778/1778
f 461/461 1779/1779 1776/1776
f 1779/1779 452/452 1753/1753
f 1776/1776 1753/1753 453/453
f 1779/1779 1753/1753 1776/1776
f 462/462 1780/1780 1782/1782
f 1780/1780 454/454 1781/1781
f 1782/1782 1781/1781 463/463
f 1780/1780 1781/1781 1782/1782
f 462/462 1777/1777 1780/1780
f 1777/1777 453/453 1757/1757
f 1780/1780 1757/1757 454/454
f 1777/1777 1757/1757 1780/1780
f 463/463 1783/1783 1784/1784
f 1783/1783 449/449 1770/1770
f 1784/1784 1770/1770 458/458
f 1783/1783 1770/1770 1784/1784
f 463/463 1781/1781 1783/1783
f 1781/1781 454/454 1759/1759
f 1783/1783 1759/1759 449/449
f 1781/1781 1759/1759 1783/1783
f 464/464 1785/1785 1787/1787
f 1785/1785 466/466 1786/1786
f 1787/1787 1786/1786 465/465
f 1785/1785 1786/1786 1787/1787
f 464/464 1788/1788 1785/1785
f 1788/1788 456/456 1789/1789
f 1785/1785 1789/1789 466/466
f 1788/1788 1789/1789 1785/1785
f 467/467 1790/1790 1791/1791
f 1790/1790 456/456 1788/1788
f 1791/1791 1788/1788 464/464
f 1790/1790 1788/1788 1791/1791
f 467/467 1792/1792 1790/1790
f 1792/1792 455/455 1762/1762
f 1790/1790 1762/1762 456/456
f 1792/1792 1762/1762 1790/1790
f 468/468 1793/1793 1794/1794
f 1793/1793 455/455 1792/1792
f 1794/1794 1792/1792 467/467
f 1793/1793 1792/1792 1794/1794
f 468/468 1795/1795 1793/1793
f 1795/1795 457/457 1765/1765
f 1793/1793 1765/1765 455/455
f 1795/1795 1765/1765 1793/1793
f 469/469 1796/1796 1798/1798
f 1796/1796 459/459 1797/1797
f 1798/1798 1797/1797 470/470
f 1796/1796 1797/1797 1798/1798
f 469/469 1799/1799 1796/1796
f 1799/1799 458/458 1769/1769
f 1796/1796 1769/1769 459/459
f 1799/1799 1769/1769 1796/1796
f 470/470 1800/1800 1802/1802
f 1800/1800 460/460 1801/1801
f 1802/1802 1801/1801 471/471
f 1800/1800 1801/1801 1802/1802
f 470/470 1797/1797 1800/1800
f 1797/1797 459/459 1773/1773
f 1800/1800 1773/1773 460/460
f 1797/1797 1773/1773 1800/1800
f 471/471 1803/1803 1804/1804
f 1803/1803 457/457 1795/1795
f 1804/1804 1795/1795 468/468
f 1803/1803 1795/1795 1804/1804
f 471/471 1801/1801 1803/1803
f 1801/1801 460/460 1775/1775
f 1803/1803 1775/1775 457/457
f 1801/1801 1775/1775 1803/1803
f 472/472 1805/1805 1807/1807
f 1805/1805 462/462 1806/1806
f 1807/1807 1806/1806 473/473
f 1805/1805 1806/1806 1807/1807
f 472/472 1808/1808 1805/1805
f 1808/1808 461/461 1778/1778
f 1805/1805 1778/1778 462/462
f 1808/1808 1778/1778 1805/1805
f 473/473 1809/1809 1811/1811
f 1809/1809 463/463 1810/1810
f 1811/1811 1810/1810 474/474
f 1809/1809 1810/1810 1811/1811
f 473/473 1806/1806 1809/1809
f 1806/1806 462/462 1782/1782
f 1809/1809 1782/1782 463/463
f 1806/1806 1782/1782 1809/1809
f 474/474 1812/1812 1813/1813
f 1812/1812 458/458 1799/1799
f 1813/1813 1799/1799 469/469
f 1812/1812 1799/1799 1813/1813
f 474/474 1810/1810 1812/1812
f 1810/1810 463/463 1784/1784
f 1812/1812 1784/1784 458/458
f 1810/1810 1784/1784 1812/1812
f 475/475 1814/1814 1816/1816
f 1814/1814 464/464 1815/1815
f 1816/1816 1815/1815 476/476
f 1814/1814 1815/1815 1816/1816
f 475/475 1817/1817 1814/1814
f 1817/1817 467/467 1791/1791
f 1814/1814 1791/1791 464/464
f 1817/1817 1791/1791 1814/1814
f 477/477 1818/1818 1819/1819
f 1818/1818 467/467 1817/1817
f 1819/1819 1817/1817 475/475
f 1818/1818 1817/1817 1819/1819
f 477/477 1820/1820 1818/1818
f 1820/1820 468/468 1794/1794
f 1818/1818 1794/1794 467/467
f 1820/1820 1794/1794 1818/1818
f 478/478 1821/1821 1823/1823
f 1821/1821 470/470 1822/1822
f 1823/1823 1822/1822 479/479
f 1821/1821 1822/1822 1823/1823
f 478/478 1824/1824 1821/1821
f 1824/1824 469/469 1798/1798
f 1821/1821 1798/1798 470/470
f 1824/1824 1798/1798 1821/1821
f 479/479 1825/1825 1827/1827
f 1825/1825 471/471 1826/1826
f 1827/1827 1826/1826 480/480
f 1825/1825 1826/1826 1827/1827
f 479/479 1822/1822 1825/1825
f 1822/1822 470/470 1802/1802
f 1825/1825 1802/1802 471/471
f 1822/1822 1802/1802 1825/1825
f 480/480 1828/1828 1829/1829
f 1828/1828 468/468 1820/1820
f 1829/1829 1820/1820 477/477
f 1828/1828 1820/1820 1829/1829
f 480/480 1826/1826 1828/1828
f 1826/1826 471/471 1804/1804
f 1828/1828 1804/1804 468/468
f 1826/1826 1804/1804 1828/1828
f 481/481 1830/1830 1832/1832
f 1830/1830 473/473 1831/1831
f 1832/1832 1831/1831 482/482
f 1830/1830 1831/1831 1832/1832
f 481/481 1833/1833 1830/1830
f 1833/1833 472/472 1807/1807
f 1830/1830 1807/1807 473/473
f 1833/1833 1807/1807 1830/1830
f 482/482 1834/1834 1836/1836
f 1834/1834 474/474 1835/1835
f 1836/1836 1835/1835 483/483
f 1834/1834 1835/1835 1836/1836
f 482/482 1831/1831 1834/1834
f 1831/1831 473/473 1811/1811
f 1834/1834 1811/1811 474/474
f 1831/1831 1811/1811 1834/1834
f 483/483 1837/1837 1838/1838
f 1837/1837 469/469 1824/1824
f 1838/1838 1824/1824 478/478
f 1837/1837 1824/1824 1838/1838
f 483/483 1835/1835 1837/1837
f 1835/1835 474/474 1813/1813
f 1837/1837 1813/1813 469/469
f 1835/1835 1813/1813 1837/1837
f 484/484 1839/1839 1841/1841
f 1839/1839 476/476 1840/1840
f 1841/1841 1840/1840 485/485
f 1839/1839 1840/1840 1841/1841
f 484/484 1842/1842 1839/1839
f 1842/1842 475/475 1816/1816
f 1839/1839 1816/1816 476/476
f 1842/1842 1816/1816 1839/1839
f 486/486 1843/1843 1844/1844
f 1843/1843 475/475 1842/1842
f 1844/1844 1842/1842 484/484
f 1843/1843 1842/1842 1844/1844
f 486/486 1845/1845 1843/1843
f 1845/1845 477/477 1819/1819
f 1843/1843 1819/1819 475/475
f 1845/1845 1819/1819 1843/1843
f 487/487 1846/1846 1848/1848
f 1846/1846 479/479 1847/1847
f 1848/1848 1847/1847 335/335
f 1846/1846 1847/1847 1848/1848
f 487/487 1849/1849 1846/1846
f 1849/1849 478/478 1823/1823
f 1846/1846 1823/1823 479/479
f 1849/1849 1823/1823 1846/1846
f 335/335 1850/1850 1424/1424
f 1850/1850 480/480 1851/1851
f 1424/1424 1851/1851 334/334
f 1850/1850 1851/1851 1424/1424
f 335/335 1847/1847 1850/1850
f 1847/1847 479/479 1827/1827
f 1850/1850 1827/1827 480/480
f 1847/1847 1827/1827 1850/1850
f 334/334 1852/1852 1853/1853
f 1852/1852 477/477 1845/1845
f 1853/1853 1845/1845 486/486
f 1852/1852 1845/1845 1853/1853
f 334/334 1851/1851 1852/1852
f 1851/1851 480/480 1829/1829
f 1852/1852 1829/1829 477/477
f 1851/1851 1829/1829 1852/1852
f 488/488 1854/1854 1856/1856
f 1854/1854 481/481 1855/1855
f 1856/1856 1855/1855 489/489
f 1854/1854 1855/1855 1856/1856
f 488/488 1857/1857 1854/1854
f 1857/1857 490/490 1858/1858
f 1854/1854 1858/1858 481/481
f 1857/1857 1858/1858 1854/1854
f 489/489 1859/1859 1861/1861
f 1859/1859 482/482 1860/1860
f 1861/1861 1860/1860 491/491
f 1859/1859 1860/1860 1861/1861
f 489/489 1855/1855 1859/1859
f 1855/1855 481/481 1832/1832
f 1859/1859 1832/1832 482/482
f 1855/1855 1832/1832 1859/1859
f 491/491 1862/1862 1864/1864
f 1862/1862 483/483 1863/1863
f 1864/1864 1863/1863 492/492
f 1862/1862 1863/1863 1864/1864
f 491/491 1860/1860 1862/1862
f 1860/1860 482/482 1836/1836
f 1862/1862 1836/1836 483/483
f 1860/1860 1836/1836 1862/1862
f 492/492 1865/1865 1866/1866
f 1865/1865 478/478 1849/1849
f 1866/1866 1849/1849 487/487
f 1865/1865 1849/1849 1866/1866
f 492/492 1863/1863 1865/1865
f 1863/1863 483/483 1838/1838
f 1865/1865 1838/1838 478/478
f 1863/1863 1838/1838 1865/1865
f 333/333 1867/1867 1869/1869
f 1867/1867 485/485 1868/1868
f 1869/1869 1868/1868 493/493
f 1867/1867 1868/1868 1869/1869
f 333/333 1870/1870 1867/1867
f 1870/1870 484/484 1841/1841
f 1867/1867 1841/1841 485/485
f 1870/1870 1841/1841 1867/1867
f 494/494 1871/1871 1872/1872
f 1871/1871 335/335 1423/1423
f 1872/1872 1423/1423 332/332
f 1871/1871 1423/1423 1872/1872
f 494/494 1873/1873 1871/1871
f 1873/1873 487/487 1848/1848
f 1871/1871 1848/1848 335/335
f 1873/1873 1848/1848 1871/1871
f 486/486 1874/1874 1853/1853
f 1874/1874 333/333 1421/1421
f 1853/1853 1421/1421 334/334
f 1874/1874 1421/1421 1853/1853
f 486/486 1844/1844 1874/1874
f 1844/1844 484/484 1870/1870
f 1874/1874 1870/1870 333/333
f 1844/1844 1870/1870 1874/1874
f 244/244 1875/1875 1196/1196
f 1875/1875 255/255 1225/1225
f 1196/1196 1225/1225 243/243
f 1875/1875 1225/1225 1196/1196
f 244/244 1207/1207 1875/1875
f 1207/1207 248/248 1233/1233
f 1875/1875 1233/1233 255/255
f 1207/1207 1233/1233 1875/1875
f 495/495 1876/1876 1878/1878
f 1876/1876 491/491 1877/1877
f 1878/1878 1877/1877 494/494
f 1876/1876 1877/1877 1878/1878
f 495/495 1879/1879 1876/1876
f 1879/1879 489/489 1861/1861
f 1876/1876 1861/1861 491/491
f 1879/1879 1861/1861 1876/1876
f 487/487 1880/1880 1866/1866
f 1880/1880 491/491 1864/1864
f 1866/1866 1864/1864 492/492
f 1880/1880 1864/1864 1866/1866
f 487/487 1873/1873 1880/1880
f 1873/1873 494/494 1877/1877
f 1880/1880 1877/1877 491/491
f 1873/1873 1877/1877 1880/1880
f 496/496 1881/1881 1882/1882
f 1881/1881 333/333 1869/1869
f 1882/1882 1869/1869 493/493
f 1881/1881 1869/1869 1882/1882
f 496/496 1883/1883 1881/1881
f 1883/1883 332/332 1422/1422
f 1881/1881 1422/1422 333/333
f 1883/1883 1422/1422 1881/1881
f 494/494 1884/1884 1878/1878
f 1884/1884 496/496 1885/1885
f 1878/1878 1885/1885 495/495
f 1884/1884 1885/1885 1878/1878
f 494/494 1872/1872 1884/1884
f 1872/1872 332/332 1883/1883
f 1884/1884 1883/1883 496/496
f 1872/1872 1883/1883 1884/1884
f 384/384 1886/1886 1564/1564
f 1886/1886 497/497 1887/1887
f 1564/1564 1887/1887 383/383
f 1886/1886 1887/1887 1564/1564
f 383/383 1887/1887 1569/1569
f 1887/1887 497/497 1888/1888
f 1569/1569 1888/1888 382/382
f 1887/1887 1888/1888 1569/1569
f 273/273 1889/1889 1269/1269
f 1889/1889 265/265 1275/1275
f 1269/1269 1275/1275 274/274
f 1889/1889 1275/1275 1269/1269
f 273/273 1574/1574 1889/1889
f 1574/1574 264/264 1254/1254
f 1889/1889 1254/1254 265/265
f 1574/1574 1254/1254 1889/1889
f 380/380 1890/1890 1557/1557
f 1890/1890 377/377 1553/1553
f 1557/1557 1553/1553 374/374
f 1890/1890 1553/1553 1557/1557
f 380/380 1551/1551 1890/1890
f 1551/1551 376/376 1543/1543
f 1890/1890 1543/1543 377/377
f 1551/1551 1543/1543 1890/1890
f 62/62 1891/1891 778/778
f 1891/1891 57/57 758/758
f 778/778 758/758 69/69
f 1891/1891 758/758 778/778
f 62/62 744/744 1891/1891
f 744/744 56/56 732/732
f 1891/1891 732/732 57/57
f 744/744 732/732 1891/1891
f 169/169 1020/1020 1022/1022
f 1020/1020 153/153 1892/1892
f 1022/1022 1892/1892 167/167
f 1020/1020 1892/1892 1022/1022
f 175/175 1028/1028 1015/1015
f 1028/1028 170/170 1653/1653
f 1015/1015 1653/1653 174/174
f 1028/1028 1653/1653 1015/1015
f 6/6 1893/1893 1895/1895
f 1893/1893 498/498 1894/1894
f 1895/1895 1894/1894 390/390
f 1893/1893 1894/1894 1895/1895
f 6/6 608/608 1893/1893
f 608/608 7/7 1896/1896
f 1893/1893 1896/1896 498/498
f 608/608 1896/1896 1893/1893
f 499/499 1897/1897 1898/1898
f 1897/1897 7/7 635/635
f 1898/1898 635/635 19/19
f 1897/1897 635/635 1898/1898
f 499/499 1899/1899 1897/1897
f 1899/1899 498/498 1896/1896
f 1897/1897 1896/1896 7/7
f 1899/1899 1896/1896 1897/1897
f 24/24 1900/1900 1902/1902
f 1900/1900 18/18 1901/1901
f 1902/1902 1901/1901 500/500
f 1900/1900 1901/1901 1902/1902
f 24/24 646/646 1900/1900
f 646/646 16/16 631/631
f 1900/1900 631/631 18/18
f 646/646 631/631 1900/1900
f 501/501 1903/1903 1904/1904
f 1903/1903 19/19 651/651
f 1904/1904 651/651 25/25
f 1903/1903 651/651 1904/1904
f 501/501 1905/1905 1903/1903
f 1905/1905 499/499 1898/1898
f 1903/1903 1898/1898 19/19
f 1905/1905 1898/1898 1903/1903
f 30/30 1906/1906 683/683
f 1906/1906 500/500 1907/1907
f 683/683 1907/1907 38/38
f 1906/1906 1907/1907 683/683
f 30/30 662/662 1906/1906
f 662/662 24/24 1902/1902
f 1906/1906 1902/1902 500/500
f 662/662 1902/1902 1906/1906
f 502/502 1908/1908 1909/1909
f 1908/1908 25/25 667/667
f 1909/1909 667/667 31/31
f 1908/1908 667/667 1909/1909
f 502/502 1910/1910 1908/1908
f 1910/1910 501/501 1904/1904
f 1908/1908 1904/1904 25/25
f 1910/1910 1904/1904 1908/1908
f 47/47 1911/1911 704/704
f 1911/1911 31/31 687/687
f 704/704 687/687 39/39
f 1911/1911 687/687 704/704
f 47/47 1912/1912 1911/1911
f 1912/1912 502/502 1909/1909
f 1911/1911 1909/1909 31/31
f 1912/1912 1909/1909 1911/1911
f 44/44 1913/1913 1915/1915
f 1913/1913 37/37 1914/1914
f 1915/1915 1914/1914 503/503
f 1913/1913 1914/1914 1915/1915
f 44/44 698/698 1913/1913
f 698/698 36/36 682/682
f 1913/1913 682/682 37/37
f 698/698 682/682 1913/1913
f 52/52 1916/1916 1918/1918
f 1916/1916 503/503 1917/1917
f 1918/1918 1917/1917 504/504
f 1916/1916 1917/1917 1918/1918
f 52/52 718/718 1916/1916
f 718/718 44/44 1915/1915
f 1916/1916 1915/1915 503/503
f 718/718 1915/1915 1916/1916
f 315/315 1919/1919 1920/1920
f 1919/1919 46/46 723/723
f 1920/1920 723/723 53/53
f 1919/1919 723/723 1920/1920
f 315/315 1921/1921 1919/1919
f 1921/1921 45/45 702/702
f 1919/1919 702/702 46/46
f 1921/1921 702/702 1919/1919
f 58/58 1922/1922 1924/1924
f 1922/1922 504/504 1923/1923
f 1924/1924 1923/1923 505/505
f 1922/1922 1923/1923 1924/1924
f 58/58 734/734 1922/1922
f 734/734 52/52 1918/1918
f 1922/1922 1918/1918 504/504
f 734/734 1918/1918 1922/1922
f 314/314 1925/1925 1926/1926
f 1925/1925 53/53 739/739
f 1926/1926 739/739 59/59
f 1925/1925 739/739 1926/1926
f 314/314 1376/1376 1925/1925
f 1376/1376 315/315 1920/1920
f 1925/1925 1920/1920 53/53
f 1376/1376 1920/1920 1925/1925
f 70/70 1927/1927 775/775
f 1927/1927 505/505 1928/1928
f 775/775 1928/1928 79/79
f 1927/1927 1928/1928 775/775
f 70/70 756/756 1927/1927
f 756/756 58/58 1924/1924
f 1927/1927 1924/1924 505/505
f 756/756 1924/1924 1927/1927
f 506/506 1929/1929 1930/1930
f 1929/1929 59/59 762/762
f 1930/1930 762/762 71/71
f 1929/1929 762/762 1930/1930
f 506/506 1931/1931 1929/1929
f 1931/1931 314/314 1926/1926
f 1929/1929 1926/1926 59/59
f 1931/1931 1926/1926 1929/1929
f 86/86 1932/1932 1934/1934
f 1932/1932 508/508 1933/1933
f 1934/1934 1933/1933 507/507
f 1932/1932 1933/1933 1934/1934
f 86/86 830/830 1932/1932
f 830/830 87/87 1935/1935
f 1932/1932 1935/1935 508/508
f 830/830 1935/1935 1932/1932
f 509/509 1936/1936 1937/1937
f 1936/1936 71/71 782/782
f 1937/1937 782/782 80/80
f 1936/1936 782/782 1937/1937
f 509/509 1938/1938 1936/1936
f 1938/1938 506/506 1930/1930
f 1936/1936 1930/1930 71/71
f 1938/1938 1930/1930 1936/1936
f 85/85 1939/1939 1941/1941
f 1939/1939 507/507 1940/1940
f 1941/1941 1940/1940 510/510
f 1939/1939 1940/1940 1941/1941
f 85/85 795/795 1939/1939
f 795/795 86/86 1934/1934
f 1939/1939 1934/1934 507/507
f 795/795 1934/1934 1939/1939
f 78/78 1942/1942 774/774
f 1942/1942 87/87 796/796
f 774/774 796/796 77/77
f 1942/1942 796/796 774/774
f 78/78 1943/1943 1942/1942
f 1943/1943 508/508 1935/1935
f 1942/1942 1935/1935 87/87
f 1943/1943 1935/1935 1942/1942
f 511/511 1944/1944 1945/1945
f 1944/1944 80/80 801/801
f 1945/1945 801/801 88/88
f 1944/1944 801/801 1945/1945
f 511/511 1946/1946 1944/1944
f 1946/1946 509/509 1937/1937
f 1944/1944 1937/1937 80/80
f 1946/1946 1937/1937 1944/1944
f 512/512 1947/1947 1948/1948
f 1947/1947 88/88 816/816
f 1948/1948 816/816 92/92
f 1947/1947 816/816 1948/1948
f 512/512 1949/1949 1947/1947
f 1949/1949 511/511 1945/1945
f 1947/1947 1945/1945 88/88
f 1949/1949 1945/1945 1947/1947
f 103/103 1950/1950 1952/1952
f 1950/1950 510/510 1951/1951
f 1952/1952 1951/1951 513/513
f 1950/1950 1951/1951 1952/1952
f 103/103 1466/1466 1950/1950
f 1466/1466 85/85 1941/1941
f 1950/1950 1941/1941 510/510
f 1466/1466 1941/1941 1950/1950
f 514/514 1953/1953 1954/1954
f 1953/1953 92/92 829/829
f 1954/1954 829/829 98/98
f 1953/1953 829/829 1954/1954
f 514/514 1955/1955 1953/1953
f 1955/1955 512/512 1948/1948
f 1953/1953 1948/1948 92/92
f 1955/1955 1948/1948 1953/1953
f 362/362 1956/1956 1957/1957
f 1956/1956 98/98 842/842
f 1957/1957 842/842 105/105
f 1956/1956 842/842 1957/1957
f 362/362 1958/1958 1956/1956
f 1958/1958 514/514 1954/1954
f 1956/1956 1954/1954 98/98
f 1958/1958 1954/1954 1956/1956
f 102/102 1959/1959 867/867
f 1959/1959 513/513 1960/1960
f 867/867 1960/1960 113/113
f 1959/1959 1960/1960 867/867
f 102/102 836/836 1959/1959
f 836/836 103/103 1952/1952
f 1959/1959 1952/1952 513/513
f 836/836 1952/1952 1959/1959
f 361/361 1961/1961 1962/1962
f 1961/1961 105/105 855/855
f 1962/1962 855/855 108/108
f 1961/1961 855/855 1962/1962
f 361/361 1503/1503 1961/1961
f 1503/1503 362/362 1957/1957
f 1961/1961 1957/1957 105/105
f 1503/1503 1957/1957 1961/1961
f 369/369 1963/1963 1964/1964
f 1963/1963 108/108 875/875
f 1964/1964 875/875 116/116
f 1963/1963 875/875 1964/1964
f 369/369 1523/1523 1963/1963
f 1523/1523 361/361 1962/1962
f 1963/1963 1962/1962 108/108
f 1523/1523 1962/1962 1963/1963
f 115/115 1965/1965 1967/1967
f 1965/1965 112/112 1966/1966
f 1967/1967 1966/1966 515/515
f 1965/1965 1966/1966 1967/1967
f 115/115 869/869 1965/1965
f 869/869 107/107 866/866
f 1965/1965 866/866 112/112
f 869/869 866/866 1965/1965
f 516/516 1968/1968 1969/1969
f 1968/1968 116/116 891/891
f 1969/1969 891/891 122/122
f 1968/1968 891/891 1969/1969
f 516/516 1970/1970 1968/1968
f 1970/1970 369/369 1964/1964
f 1968/1968 1964/1964 116/116
f 1970/1970 1964/1964 1968/1968
f 121/121 1971/1971 1973/1973
f 1971/1971 515/515 1972/1972
f 1973/1973 1972/1972 517/517
f 1971/1971 1972/1972 1973/1973
f 121/121 885/885 1971/1971
f 885/885 115/115 1967/1967
f 1971/1971 1967/1967 515/515
f 885/885 1967/1967 1971/1971
f 121/121 1974/1974 886/886
f 1974/1974 128/128 907/907
f 886/886 907/907 120/120
f 1974/1974 907/907 886/886
f 121/121 1975/1975 1974/1974
f 1975/1975 518/518 1976/1976
f 1974/1974 1976/1976 128/128
f 1975/1975 1976/1976 1974/1974
f 517/517 1977/1977 1973/1973
f 1977/1977 518/518 1975/1975
f 1973/1973 1975/1975 121/121
f 1977/1977 1975/1975 1973/1973
f 385/385 1978/1978 1979/1979
f 1978/1978 122/122 906/906
f 1979/1979 906/906 127/127
f 1978/1978 906/906 1979/1979
f 385/385 1980/1980 1978/1978
f 1980/1980 516/516 1969/1969
f 1978/1978 1969/1969 122/122
f 1980/1980 1969/1969 1978/1978
f 128/128 1981/1981 908/908
f 1981/1981 519/519 1982/1982
f 908/908 1982/1982 126/126
f 1981/1981 1982/1982 908/908
f 128/128 1976/1976 1981/1981
f 1976/1976 518/518 1983/1983
f 1981/1981 1983/1983 519/519
f 1976/1976 1983/1983 1981/1981
f 384/384 1984/1984 1985/1985
f 1984/1984 126/126 1982/1982
f 1985/1985 1982/1982 519/519
f 1984/1984 1982/1982 1985/1985
f 384/384 1986/1986 1984/1984
f 1986/1986 127/127 905/905
f 1984/1984 905/905 126/126
f 1986/1986 905/905 1984/1984
f 127/127 1986/1986 1979/1979
f 1986/1986 384/384 1566/1566
f 1979/1979 1566/1566 385/385
f 1986/1986 1566/1566 1979/1979
f 130/130 1987/1987 1988/1988
f 1987/1987 390/390 1580/1580
f 1988/1988 1580/1580 389/389
f 1987/1987 1580/1580 1988/1988
f 130/130 910/910 1987/1987
f 910/910 6/6 1895/1895
f 1987/1987 1895/1895 390/390
f 910/910 1895/1895 1987/1987
f 137/137 1989/1989 1990/1990
f 1989/1989 389/389 1600/1600
f 1990/1990 1600/1600 397/397
f 1989/1989 1600/1600 1990/1990
f 137/137 929/929 1989/1989
f 929/929 130/130 1988/1988
f 1989/1989 1988/1988 389/389
f 929/929 1988/1988 1989/1989
f 144/144 1991/1991 1992/1992
f 1991/1991 397/397 1619/1619
f 1992/1992 1619/1619 403/403
f 1991/1991 1619/1619 1992/1992
f 144/144 948/948 1991/1991
f 948/948 137/137 1990/1990
f 1991/1991 1990/1990 397/397
f 948/948 1990/1990 1991/1991
f 151/151 1993/1993 1994/1994
f 1993/1993 403/403 1635/1635
f 1994/1994 1635/1635 408/408
f 1993/1993 1635/1635 1994/1994
f 151/151 967/967 1993/1993
f 967/967 144/144 1992/1992
f 1993/1993 1992/1992 403/403
f 967/967 1992/1992 1993/1993
f 520/520 1995/1995 1996/1996
f 1995/1995 148/148 977/977
f 1996/1996 977/977 154/154
f 1995/1995 977/977 1996/1996
f 520/520 1997/1997 1995/1995
f 1997/1997 149/149 964/964
f 1995/1995 964/964 148/148
f 1997/1997 964/964 1995/1995
f 151/151 1998/1998 998/998
f 1998/1998 160/160 984/984
f 998/998 984/984 161/161
f 1998/1998 984/984 998/998
f 151/151 1994/1994 1998/1998
f 1994/1994 408/408 1999/1999
f 1998/1998 1999/1999 160/160
f 1994/1994 1999/1999 1998/1998
f 183/183 2000/2000 1040/1040
f 2000/2000 154/154 1026/1026
f 1040/1040 1026/1026 178/178
f 2000/2000 1026/1026 1040/1040
f 183/183 2001/2001 2000/2000
f 2001/2001 520/520 1996/1996
f 2000/2000 1996/1996 154/154
f 2001/2001 1996/1996 2000/2000
f 521/521 2002/2002 2003/2003
f 2002/2002 203/203 1086/1086
f 2003/2003 1086/1086 201/201
f 2002/2002 1086/1086 2003/2003
f 521/521 2004/2004 2002/2002
f 2004/2004 522/522 2005/2005
f 2002/2002 2005/2005 203/203
f 2004/2004 2005/2005 2002/2002
f 213/213 2006/2006 2008/2008
f 2006/2006 202/202 2007/2007
f 2008/2008 2007/2007 523/523
f 2006/2006 2007/2007 2008/2008
f 213/213 1113/1113 2006/2006
f 1113/1113 200/200 1085/1085
f 2006/2006 1085/1085 202/202
f 1113/1113 1085/1085 2006/2006
f 524/524 2009/2009 2010/2010
f 2009/2009 206/206 1121/1121
f 2010/2010 1121/1121 216/216
f 2009/2009 1121/1121 2010/2010
f 524/524 2011/2011 2009/2009
f 2011/2011 207/207 1095/1095
f 2009/2009 1095/1095 206/206
f 2011/2011 1095/1095 2009/2009
f 222/222 2012/2012 1168/1168
f 2012/2012 523/523 2013/2013
f 1168/1168 2013/2013 233/233
f 2012/2012 2013/2013 1168/1168
f 222/222 1138/1138 2012/2012
f 1138/1138 213/213 2008/2008
f 2012/2012 2008/2008 523/523
f 1138/1138 2008/2008 2012/2012
f 525/525 2014/2014 2015/2015
f 2014/2014 216/216 1146/1146
f 2015/2015 1146/1146 225/225
f 2014/2014 1146/1146 2015/2015
f 525/525 2016/2016 2014/2014
f 2016/2016 524/524 2010/2010
f 2014/2014 2010/2010 216/216
f 2016/2016 2010/2010 2014/2014
f 247/247 2017/2017 1204/1204
f 2017/2017 225/225 1175/1175
f 1204/1204 1175/1175 236/236
f 2017/2017 1175/1175 1204/1204
f 247/247 2018/2018 2017/2017
f 2018/2018 525/525 2015/2015
f 2017/2017 2015/2015 225/225
f 2018/2018 2015/2015 2017/2017
f 242/242 2019/2019 2021/2021
f 2019/2019 232/232 2020/2020
f 2021/2021 2020/2020 526/526
f 2019/2019 2020/2020 2021/2021
f 242/242 1192/1192 2019/2019
f 1192/1192 231/231 1167/1167
f 2019/2019 1167/1167 232/232
f 1192/1192 1167/1167 2019/2019
f 253/253 2022/2022 2024/2024
f 2022/2022 526/526 2023/2023
f 2024/2024 2023/2023 527/527
f 2022/2022 2023/2023 2024/2024
f 253/253 1221/1221 2022/2022
f 1221/1221 242/242 2021/2021
f 2022/2022 2021/2021 526/526
f 1221/1221 2021/2021 2022/2022
f 259/259 2025/2025 1251/1251
f 2025/2025 527/527 2026/2026
f 1251/1251 2026/2026 262/262
f 2025/2025 2026/2026 1251/1251
f 259/259 1240/1240 2025/2025
f 1240/1240 253/253 2024/2024
f 2025/2025 2024/2024 527/527
f 1240/1240 2024/2024 2025/2025
f 519/519 2027/2027 1985/1985
f 2027/2027 528/528 2028/2028
f 1985/1985 2028/2028 384/384
f 2027/2027 2028/2028 1985/1985
f 528/528 2027/2027 2029/2029
f 2027/2027 519/519 1983/1983
f 2029/2029 1983/1983 518/518
f 2027/2027 1983/1983 2029/2029
f 390/390 2030/2030 1581/1581
f 2030/2030 266/266 1256/1256
f 1581/1581 1256/1256 263/263
f 2030/2030 1256/1256 1581/1581
f 390/390 1894/1894 2030/2030
f 1894/1894 498/498 2031/2031
f 2030/2030 2031/2031 266/266
f 1894/1894 2031/2031 2030/2030
f 268/268 2032/2032 2034/2034
f 2032/2032 530/530 2033/2033
f 2034/2034 2033/2033 529/529
f 2032/2032 2033/2033 2034/2034
f 268/268 1259/1259 2032/2032
f 1259/1259 269/269 2035/2035
f 2032/2032 2035/2035 530/530
f 1259/1259 2035/2035 2032/2032
f 277/277 2036/2036 2037/2037
f 2036/2036 498/498 1899/1899
f 2037/2037 1899/1899 499/499
f 2036/2036 1899/1899 2037/2037
f 277/277 1277/1277 2036/2036
f 1277/1277 266/266 2031/2031
f 2036/2036 2031/2031 498/498
f 1277/1277 2031/2031 2036/2036
f 531/531 2038/2038 2039/2039
f 2038/2038 269/269 1282/1282
f 2039/2039 1282/1282 278/278
f 2038/2038 1282/1282 2039/2039
f 531/531 2040/2040 2038/2038
f 2040/2040 530/530 2035/2035
f 2038/2038 2035/2035 269/269
f 2040/2040 2035/2035 2038/2038
f 283/283 2041/2041 2042/2042
f 2041/2041 499/499 1905/1905
f 2042/2042 1905/1905 501/501
f 2041/2041 1905/1905 2042/2042
f 283/283 1293/1293 2041/2041
f 1293/1293 277/277 2037/2037
f 2041/2041 2037/2037 499/499
f 1293/1293 2037/2037 2041/2041
f 532/532 2043/2043 2044/2044
f 2043/2043 278/278 1298/1298
f 2044/2044 1298/1298 284/284
f 2043/2043 1298/1298 2044/2044
f 532/532 2045/2045 2043/2043
f 2045/2045 531/531 2039/2039
f 2043/2043 2039/2039 278/278
f 2045/2045 2039/2039 2043/2043
f 289/289 2046/2046 2047/2047
f 2046/2046 501/501 1910/1910
f 2047/2047 1910/1910 502/502
f 2046/2046 1910/1910 2047/2047
f 289/289 1309/1309 2046/2046
f 1309/1309 283/283 2042/2042
f 2046/2046 2042/2042 501/501
f 1309/1309 2042/2042 2046/2046
f 533/533 2048/2048 2049/2049
f 2048/2048 284/284 1314/1314
f 2049/2049 1314/1314 290/290
f 2048/2048 1314/1314 2049/2049
f 533/533 2050/2050 2048/2048
f 2050/2050 532/532 2044/2044
f 2048/2048 2044/2044 284/284
f 2050/2050 2044/2044 2048/2048
f 295/295 2051/2051 2052/2052
f 2051/2051 502/502 1912/1912
f 2052/2052 1912/1912 47/47
f 2051/2051 1912/1912 2052/2052
f 295/295 1325/1325 2051/2051
f 1325/1325 289/289 2047/2047
f 2051/2051 2047/2047 502/502
f 1325/1325 2047/2047 2051/2051
f 534/534 2053/2053 2054/2054
f 2053/2053 290/290 1330/1330
f 2054/2054 1330/1330 296/296
f 2053/2053 1330/1330 2054/2054
f 534/534 2055/2055 2053/2053
f 2055/2055 533/533 2049/2049
f 2053/2053 2049/2049 290/290
f 2055/2055 2049/2049 2053/2053
f 301/301 2056/2056 2057/2057
f 2056/2056 47/47 703/703
f 2057/2057 703/703 45/45
f 2056/2056 703/703 2057/2057
f 301/301 1341/1341 2056/2056
f 1341/1341 295/295 2052/2052
f 2056/2056 2052/2052 47/47
f 1341/1341 2052/2052 2056/2056
f 535/535 2058/2058 2059/2059
f 2058/2058 296/296 1346/1346
f 2059/2059 1346/1346 302/302
f 2058/2058 1346/1346 2059/2059
f 535/535 2060/2060 2058/2058
f 2060/2060 534/534 2054/2054
f 2058/2058 2054/2054 296/296
f 2060/2060 2054/2054 2058/2058
f 307/307 2061/2061 1378/1378
f 2061/2061 45/45 1921/1921
f 1378/1378 1921/1921 315/315
f 2061/2061 1921/1921 1378/1378
f 307/307 1357/1357 2061/2061
f 1357/1357 301/301 2057/2057
f 2061/2061 2057/2057 45/45
f 1357/1357 2057/2057 2061/2061
f 536/536 2062/2062 2063/2063
f 2062/2062 302/302 1362/1362
f 2063/2063 1362/1362 308/308
f 2062/2062 1362/1362 2063/2063
f 536/536 2064/2064 2062/2062
f 2064/2064 535/535 2059/2059
f 2062/2062 2059/2059 302/302
f 2064/2064 2059/2059 2062/2062
f 537/537 2065/2065 2066/2066
f 2065/2065 308/308 1382/1382
f 2066/2066 1382/1382 316/316
f 2065/2065 1382/1382 2066/2066
f 537/537 2067/2067 2065/2065
f 2067/2067 536/536 2063/2063
f 2065/2065 2063/2063 308/308
f 2067/2067 2063/2063 2065/2065
f 321/321 2068/2068 2069/2069
f 2068/2068 314/314 1931/1931
f 2069/2069 1931/1931 506/506
f 2068/2068 1931/1931 2069/2069
f 321/321 1393/1393 2068/2068
f 1393/1393 313/313 1377/1377
f 2068/2068 1377/1377 314/314
f 1393/1393 1377/1377 2068/2068
f 323/323 2070/2070 1398/1398
f 2070/2070 537/537 2066/2066
f 1398/1398 2066/2066 316/316
f 2070/2070 2066/2066 1398/1398
f 323/323 2071/2071 2070/2070
f 2071/2071 538/538 2072/2072
f 2070/2070 2072/2072 537/537
f 2071/2071 2072/2072 2070/2070
f 539/539 2073/2073 2074/2074
f 2073/2073 327/327 1410/1410
f 2074/2074 1410/1410 328/328
f 2073/2073 1410/1410 2074/2074
f 539/539 2075/2075 2073/2073
f 2075/2075 540/540 2076/2076
f 2073/2073 2076/2076 327/327
f 2075/2075 2076/2076 2073/2073
f 329/329 2077/2077 2078/2078
f 2077/2077 506/506 1938/1938
f 2078/2078 1938/1938 509/509
f 2077/2077 1938/1938 2078/2078
f 329/329 1412/1412 2077/2077
f 1412/1412 321/321 2069/2069
f 2077/2077 2069/2069 506/506
f 1412/1412 2069/2069 2077/2077
f 350/350 2079/2079 1476/1476
f 2079/2079 328/328 1457/1457
f 1476/1476 1457/1457 73/73
f 2079/2079 1457/1457 1476/1476
f 350/350 2080/2080 2079/2079
f 2080/2080 539/539 2074/2074
f 2079/2079 2074/2074 328/328
f 2080/2080 2074/2074 2079/2079
f 327/327 2081/2081 1429/1429
f 2081/2081 538/538 2071/2071
f 1429/1429 2071/2071 323/323
f 2081/2081 2071/2071 1429/1429
f 327/327 2076/2076 2081/2081
f 2076/2076 540/540 2082/2082
f 2081/2081 2082/2082 538/538
f 2076/2076 2082/2082 2081/2081
f 338/338 2083/2083 2084/2084
f 2083/2083 509/509 1946/1946
f 2084/2084 1946/1946 511/511
f 2083/2083 1946/1946 2084/2084
f 338/338 1431/1431 2083/2083
f 1431/1431 329/329 2078/2078
f 2083/2083 2078/2078 509/509
f 1431/1431 2078/2078 2083/2083
f 343/343 2085/2085 2086/2086
f 2085/2085 511/511 1949/1949
f 2086/2086 1949/1949 512/512
f 2085/2085 1949/1949 2086/2086
f 343/343 1448/1448 2085/2085
f 1448/1448 338/338 2084/2084
f 2085/2085 2084/2084 511/511
f 1448/1448 2084/2084 2085/2085
f 348/348 2087/2087 2088/2088
f 2087/2087 512/512 1955/1955
f 2088/2088 1955/1955 514/514
f 2087/2087 1955/1955 2088/2088
f 348/348 1468/1468 2087/2087
f 1468/1468 343/343 2086/2086
f 2087/2087 2086/2086 512/512
f 1468/1468 2086/2086 2087/2087
f 541/541 2089/2089 2090/2090
f 2089/2089 344/344 1494/1494
f 2090/2090 1494/1494 357/357
f 2089/2089 1494/1494 2090/2090
f 541/541 2091/2091 2089/2089
f 2091/2091 351/351 1477/1477
f 2089/2089 1477/1477 344/344
f 2091/2091 1477/1477 2089/2089
f 354/354 2092/2092 1505/1505
f 2092/2092 514/514 1958/1958
f 1505/1505 1958/1958 362/362
f 2092/2092 1958/1958 1505/1505
f 354/354 1484/1484 2092/2092
f 1484/1484 348/348 2088/2088
f 2092/2092 2088/2088 514/514
f 1484/1484 2088/2088 2092/2092
f 542/542 2093/2093 2094/2094
f 2093/2093 357/357 1514/1514
f 2094/2094 1514/1514 365/365
f 2093/2093 1514/1514 2094/2094
f 542/542 2095/2095 2093/2093
f 2095/2095 541/541 2090/2090
f 2093/2093 2090/2090 357/357
f 2095/2095 2090/2090 2093/2093
f 543/543 2096/2096 2097/2097
f 2096/2096 365/365 1533/1533
f 2097/2097 1533/1533 372/372
f 2096/2096 1533/1533 2097/2097
f 543/543 2098/2098 2096/2096
f 2098/2098 542/542 2094/2094
f 2096/2096 2094/2094 365/365
f 2098/2098 2094/2094 2096/2096
f 544/544 2099/2099 2100/2100
f 2099/2099 372/372 1549/1549
f 2100/2100 1549/1549 378/378
f 2099/2099 1549/1549 2100/2100
f 544/544 2101/2101 2099/2099
f 2101/2101 543/543 2097/2097
f 2099/2099 2097/2097 372/372
f 2101/2101 2097/2097 2099/2099
f 375/375 2102/2102 2103/2103
f 2102/2102 369/369 1970/1970
f 2103/2103 1970/1970 516/516
f 2102/2102 1970/1970 2103/2103
f 375/375 1539/1539 2102/2102
f 1539/1539 368/368 1524/1524
f 2102/2102 1524/1524 369/369
f 1539/1539 1524/1524 2102/2102
f 378/378 1560/1560 2100/2100
f 1560/1560 382/382 2104/2104
f 2100/2100 2104/2104 544/544
f 1560/1560 2104/2104 2100/2100
f 381/381 2105/2105 1567/1567
f 2105/2105 516/516 1980/1980
f 1567/1567 1980/1980 385/385
f 2105/2105 1980/1980 1567/1567
f 381/381 1555/1555 2105/2105
f 1555/1555 375/375 2103/2103
f 2105/2105 2103/2103 516/516
f 1555/1555 2103/2103 2105/2105
f 392/392 2106/2106 2108/2108
f 2106/2106 529/529 2107/2107
f 2108/2108 2107/2107 545/545
f 2106/2106 2107/2107 2108/2108
f 392/392 1583/1583 2106/2106
f 1583/1583 268/268 2034/2034
f 2106/2106 2034/2034 529/529
f 1583/1583 2034/2034 2106/2106
f 399/399 2109/2109 2111/2111
f 2109/2109 545/545 2110/2110
f 2111/2111 2110/2110 546/546
f 2109/2109 2110/2110 2111/2111
f 399/399 1602/1602 2109/2109
f 1602/1602 392/392 2108/2108
f 2109/2109 2108/2108 545/545
f 1602/1602 2108/2108 2109/2109
f 405/405 2112/2112 2114/2114
f 2112/2112 546/546 2113/2113
f 2114/2114 2113/2113 547/547
f 2112/2112 2113/2113 2114/2114
f 405/405 1621/1621 2112/2112
f 1621/1621 399/399 2111/2111
f 2112/2112 2111/2111 546/546
f 1621/1621 2111/2111 2112/2112
f 410/410 2115/2115 2117/2117
f 2115/2115 547/547 2116/2116
f 2117/2117 2116/2116 548/548
f 2115/2115 2116/2116 2117/2117
f 410/410 1637/1637 2115/2115
f 1637/1637 405/405 2114/2114
f 2115/2115 2114/2114 547/547
f 1637/1637 2114/2114 2115/2115
f 160/160 2118/2118 2119/2119
f 2118/2118 406/406 1663/1663
f 2119/2119 1663/1663 415/415
f 2118/2118 1663/1663 2119/2119
f 160/160 1999/1999 2118/2118
f 1999/1999 408/408 1634/1634
f 2118/2118 1634/1634 406/406
f 1999/1999 1634/1634 2118/2118
f 423/423 2120/2120 2122/2122
f 2120/2120 548/548 2121/2121
f 2122/2122 2121/2121 549/549
f 2120/2120 2121/2121 2122/2122
f 423/423 1678/1678 2120/2120
f 1678/1678 410/410 2117/2117
f 2120/2120 2117/2117 548/548
f 1678/1678 2117/2117 2120/2120
f 428/428 2123/2123 2125/2125
f 2123/2123 549/549 2124/2124
f 2125/2125 2124/2124 550/550
f 2123/2123 2124/2124 2125/2125
f 428/428 1688/1688 2123/2123
f 1688/1688 423/423 2122/2122
f 2123/2123 2122/2122 549/549
f 1688/1688 2122/2122 2123/2123
f 551/551 2126/2126 2128/2128
f 2126/2126 443/443 2127/2127
f 2128/2128 2127/2127 552/552
f 2126/2126 2127/2127 2128/2128
f 551/551 2129/2129 2126/2126
f 2129/2129 553/553 2130/2130
f 2126/2126 2130/2130 443/443
f 2129/2129 2130/2130 2126/2126
f 435/435 2131/2131 2133/2133
f 2131/2131 550/550 2132/2132
f 2133/2133 2132/2132 554/554
f 2131/2131 2132/2132 2133/2133
f 435/435 1708/1708 2131/2131
f 1708/1708 428/428 2125/2125
f 2131/2131 2125/2125 550/550
f 1708/1708 2125/2125 2131/2131
f 555/555 2134/2134 2135/2135
f 2134/2134 443/443 1726/1726
f 2135/2135 1726/1726 440/440
f 2134/2134 1726/1726 2135/2135
f 555/555 2136/2136 2134/2134
f 2136/2136 552/552 2127/2127
f 2134/2134 2127/2127 443/443
f 2136/2136 2127/2127 2134/2134
f 447/447 2137/2137 2139/2139
f 2137/2137 554/554 2138/2138
f 2139/2139 2138/2138 556/556
f 2137/2137 2138/2138 2139/2139
f 447/447 1736/1736 2137/2137
f 1736/1736 435/435 2133/2133
f 2137/2137 2133/2133 554/554
f 1736/1736 2133/2133 2137/2137
f 557/557 2140/2140 2141/2141
f 2140/2140 440/440 1754/1754
f 2141/2141 1754/1754 452/452
f 2140/2140 1754/1754 2141/2141
f 557/557 2142/2142 2140/2140
f 2142/2142 555/555 2135/2135
f 2140/2140 2135/2135 440/440
f 2142/2142 2135/2135 2140/2140
f 456/456 2143/2143 1789/1789
f 2143/2143 556/556 2144/2144
f 1789/1789 2144/2144 466/466
f 2143/2143 2144/2144 1789/1789
f 456/456 1761/1761 2143/2143
f 1761/1761 447/447 2139/2139
f 2143/2143 2139/2139 556/556
f 1761/1761 2139/2139 2143/2143
f 558/558 2145/2145 2146/2146
f 2145/2145 452/452 1779/1779
f 2146/2146 1779/1779 461/461
f 2145/2145 1779/1779 2146/2146
f 558/558 2147/2147 2145/2145
f 2147/2147 557/557 2141/2141
f 2145/2145 2141/2141 452/452
f 2147/2147 2141/2141 2145/2145
f 559/559 2148/2148 2149/2149
f 2148/2148 461/461 1808/1808
f 2149/2149 1808/1808 472/472
f 2148/2148 1808/1808 2149/2149
f 559/559 2150/2150 2148/2148
f 2150/2150 558/558 2146/2146
f 2148/2148 2146/2146 461/461
f 2150/2150 2146/2146 2148/2148
f 476/476 2151/2151 2153/2153
f 2151/2151 465/465 2152/2152
f 2153/2153 2152/2152 560/560
f 2151/2151 2152/2152 2153/2153
f 476/476 1815/1815 2151/2151
f 1815/1815 464/464 1787/1787
f 2151/2151 1787/1787 465/465
f 1815/1815 1787/1787 2151/2151
f 490/490 2154/2154 1858/1858
f 2154/2154 472/472 1833/1833
f 1858/1858 1833/1833 481/481
f 2154/2154 1833/1833 1858/1858
f 490/490 2155/2155 2154/2154
f 2155/2155 559/559 2149/2149
f 2154/2154 2149/2149 472/472
f 2155/2155 2149/2149 2154/2154
f 485/485 2156/2156 2158/2158
f 2156/2156 560/560 2157/2157
f 2158/2158 2157/2157 561/561
f 2156/2156 2157/2157 2158/2158
f 485/485 1840/1840 2156/2156
f 1840/1840 476/476 2153/2153
f 2156/2156 2153/2153 560/560
f 1840/1840 2153/2153 2156/2156
f 493/493 2159/2159 2161/2161
f 2159/2159 561/561 2160/2160
f 2161/2161 2160/2160 562/562
f 2159/2159 2160/2160 2161/2161
f 493/493 1868/1868 2159/2159
f 1868/1868 485/485 2158/2158
f 2159/2159 2158/2158 561/561
f 1868/1868 2158/2158 2159/2159
f 563/563 2162/2162 2163/2163
f 2162/2162 489/489 1879/1879
f 2163/2163 1879/1879 495/495
f 2162/2162 1879/1879 2163/2163
f 563/563 2164/2164 2162/2162
f 2164/2164 488/488 1856/1856
f 2162/2162 1856/1856 489/489
f 2164/2164 1856/1856 2162/2162
f 564/564 2165/2165 2166/2166
f 2165/2165 493/493 2161/2161
f 2166/2166 2161/2161 562/562
f 2165/2165 2161/2161 2166/2166
f 564/564 2167/2167 2165/2165
f 2167/2167 496/496 1882/1882
f 2165/2165 1882/1882 493/493
f 2167/2167 1882/1882 2165/2165
f 495/495 2168/2168 2163/2163
f 2168/2168 564/564 2169/2169
f 2163/2163 2169/2169 563/563
f 2168/2168 2169/2169 2163/2163
f 495/495 1885/1885 2168/2168
f 1885/1885 496/496 2167/2167
f 2168/2168 2167/2167 564/564
f 1885/1885 2167/2167 2168/2168
f 165/165 2170/2170 1023/1023
f 2170/2170 565/565 2171/2171
f 1023/1023 2171/2171 168/168
f 2170/2170 2171/2171 1023/1023
f 165/165 995/995 2170/2170
f 995/995 166/166 2172/2172
f 2170/2170 2172/2172 565/565
f 995/995 2172/2172 2170/2170
f 168/168 2173/2173 1005/1005
f 2173/2173 566/566 2174/2174
f 1005/1005 2174/2174 171/171
f 2173/2173 2174/2174 1005/1005
f 168/168 2171/2171 2173/2173
f 2171/2171 565/565 2175/2175
f 2173/2173 2175/2175 566/566
f 2171/2171 2175/2175 2173/2173
f 171/171 2176/2176 1652/1652
f 2176/2176 567/567 2177/2177
f 1652/1652 2177/2177 188/188
f 2176/2176 2177/2177 1652/1652
f 171/171 2174/2174 2176/2176
f 2174/2174 566/566 2178/2178
f 2176/2176 2178/2178 567/567
f 2174/2174 2178/2178 2176/2176
f 188/188 2179/2179 1051/1051
f 2179/2179 568/568 2180/2180
f 1051/1051 2180/2180 187/187
f 2179/2179 2180/2180 1051/1051
f 188/188 2177/2177 2179/2179
f 2177/2177 567/567 2181/2181
f 2179/2179 2181/2181 568/568
f 2177/2177 2181/2181 2179/2179
f 197/197 2182/2182 1078/1078
f 2182/2182 569/569 2183/2183
f 1078/1078 2183/2183 199/199
f 2182/2182 2183/2183 1078/1078
f 197/197 2184/2184 2182/2182
f 2184/2184 570/570 2185/2185
f 2182/2182 2185/2185 569/569
f 2184/2184 2185/2185 2182/2182
f 187/187 2186/2186 1074/1074
f 2186/2186 570/570 2184/2184
f 1074/1074 2184/2184 197/197
f 2186/2186 2184/2184 1074/1074
f 187/187 2180/2180 2186/2186
f 2180/2180 568/568 2187/2187
f 2186/2186 2187/2187 570/570
f 2180/2180 2187/2187 2186/2186
f 418/418 2188/2188 1656/1656
f 2188/2188 1/1 2189/2189
f 1656/1656 2189/2189 417/417
f 2188/2188 2189/2189 1656/1656
f 418/418 1665/1665 2188/2188
f 1665/1665 419/419 2190/2190
f 2188/2188 2190/2190 1/1
f 1665/1665 2190/2190 2188/2188
f 419/419 2191/2191 2190/2190
f 2191/2191 4/4 605/605
f 2190/2190 605/605 1/1
f 2191/2191 605/605 2190/2190
f 419/419 1683/1683 2191/2191
f 1683/1683 425/425 1704/1704
f 2191/2191 1704/1704 4/4
f 1683/1683 1704/1704 2191/2191
f 443/443 2192/2192 1727/1727
f 2192/2192 571/571 2193/2193
f 1727/1727 2193/2193 442/442
f 2192/2192 2193/2193 1727/1727
f 443/443 2130/2130 2192/2192
f 2130/2130 553/553 2194/2194
f 2192/2192 2194/2194 571/571
f 2130/2130 2194/2194 2192/2192
f 442/442 2195/2195 1731/1731
f 2195/2195 572/572 2196/2196
f 1731/1731 2196/2196 445/445
f 2195/2195 2196/2196 1731/1731
f 442/442 2193/2193 2195/2195
f 2193/2193 571/571 2197/2197
f 2195/2195 2197/2197 572/572
f 2193/2193 2197/2197 2195/2195
f 445/445 2198/2198 1734/1734
f 2198/2198 433/433 1702/1702
f 1734/1734 1702/1702 432/432
f 2198/2198 1702/1702 1734/1734
f 445/445 2196/2196 2198/2198
f 2196/2196 572/572 2199/2199
f 2198/2198 2199/2199 433/433
f 2196/2196 2199/2199 2198/2198
f 199/199 2200/2200 1082/1082
f 2200/2200 521/521 2003/2003
f 1082/1082 2003/2003 201/201
f 2200/2200 2003/2003 1082/1082
f 199/199 2183/2183 2200/2200
f 2183/2183 569/569 2201/2201
f 2200/2200 2201/2201 521/521
f 2183/2183 2201/2201 2200/2200
f 573/573 2202/2202 2203/2203
f 2202/2202 522/522 2004/2004
f 2203/2203 2004/2004 521/521
f 2202/2202 2004/2004 2203/2203
f 415/415 2204/2204 2119/2119
f 2204/2204 159/159 985/985
f 2119/2119 985/985 160/160
f 2204/2204 985/985 2119/2119
f 415/415 1650/1650 2204/2204
f 1650/1650 416/416 2205/2205
f 2204/2204 2205/2205 159/159
f 1650/1650 2205/2205 2204/2204
f 574/574 2206/2206 2207/2207
f 2206/2206 553/553 2129/2129
f 2207/2207 2129/2129 551/551
f 2206/2206 2129/2129 2207/2207
f 401/401 2208/2208 1630/1630
f 2208/2208 157/157 1660/1660
f 1630/1630 1660/1660 407/407
f 2208/2208 1660/1660 1630/1630
f 401/401 1612/1612 2208/2208
f 1612/1612 186/186 1628/1628
f 2208/2208 1628/1628 157/157
f 1612/1612 1628/1628 2208/2208
f 145/145 1001/1001 971/971
f 1001/1001 167/167 1892/1892
f 971/971 1892/1892 153/153
f 1001/1001 1892/1892 971/971
f 575/575 2209/2209 2210/2210
f 2209/2209 166/166 994/994
f 2210/2210 994/994 164/164
f 2209/2209 994/994 2210/2210
f 2209/2209 2212/2212 166/166
f 2211/2211 2212/2212 2209/2209
f 553/553 2213/2213 2194/2194
f 2213/2213 577/577 2214/2214
f 2194/2194 2214/2214 571/571
f 2213/2213 2214/2214 2194/2194
f 553/553 2206/2206 2213/2213
f 2206/2206 574/574 2215/2215
f 2213/2213 2215/2215 577/577
f 2206/2206 2215/2215 2213/2213
f 571/571 2216/2216 2197/2197
f 2216/2216 578/578 2217/2217
f 2197/2197 2217/2217 572/572
f 2216/2216 2217/2217 2197/2197
f 571/571 2214/2214 2216/2216
f 2214/2214 577/577 2218/2218
f 2216/2216 2218/2218 578/578
f 2214/2214 2218/2218 2216/2216
f 416/416 2219/2219 2205/2205
f 2205/2205 2220/2220 159/159
f 2219/2219 2220/2220 2205/2205
f 416/416 2221/2221 2219/2219
f 2221/2221 2222/2222 2219/2219
f 2223/2223 433/433 2224/2224
f 2225/2225 2224/2224 581/581
f 2223/2223 2224/2224 2225/2225
f 3/3 606/606 2223/2223
f 606/606 4/4 1703/1703
f 2223/2223 1703/1703 433/433
f 606/606 1703/1703 2223/2223
f 569/569 2226/2226 2201/2201
f 2226/2226 573/573 2203/2203
f 2201/2201 2203/2203 521/521
f 2226/2226 2203/2203 2201/2201
f 569/569 2227/2227 2226/2226
f 2227/2227 582/582 2228/2228
f 2226/2226 2228/2228 573/573
f 2227/2227 2228/2228 2226/2226
f 583/583 2229/2229 2230/2230
f 2229/2229 411/411 1657/1657
f 2230/2230 1657/1657 417/417
f 2229/2229 1657/1657 2230/2230
f 583/583 2231/2231 2229/2229
f 2231/2231 584/584 2232/2232
f 2229/2229 2232/2232 411/411
f 2231/2231 2232/2232 2229/2229
f 417/417 2233/2233 2230/2230
f 2233/2233 2/2 2234/2234
f 2230/2230 2234/2234 583/583
f 2233/2233 2234/2234 2230/2230
f 417/417 2189/2189 2233/2233
f 2189/2189 1/1 604/604
f 2233/2233 604/604 2/2
f 2189/2189 604/604 2233/2233
f 568/568 2235/2235 2187/2187
f 2235/2235 585/585 2236/2236
f 2187/2187 2236/2236 570/570
f 2235/2235 2236/2236 2187/2187
f 568/568 2237/2237 2235/2235
f 2237/2237 586/586 2238/2238
f 2235/2235 2238/2238 585/585
f 2237/2237 2238/2238 2235/2235
f 567/567 2239/2239 2181/2181
f 2239/2239 586/586 2237/2237
f 2181/2181 2237/2237 568/568
f 2239/2239 2237/2237 2181/2181
f 567/567 2240/2240 2239/2239
f 2239/2239 2241/2241 586/586
f 566/566 2242/2242 2178/2178
f 2178/2178 2240/2240 567/567
f 2242/2242 2240/2240 2178/2178
f 566/566 2243/2243 2242/2242
f 2243/2243 2244/2244 2242/2242
f 565/565 2245/2245 2175/2175
f 2245/2245 588/588 2243/2243
f 2175/2175 2243/2243 566/566
f 2245/2245 2243/2243 2175/2175
f 565/565 2246/2246 2245/2245
f 2246/2246 2247/2247 2245/2245
f 166/166 2248/2248 2172/2172
f 2248/2248 589/589 2246/2246
f 2172/2172 2246/2246 565/565
f 2248/2248 2246/2246 2172/2172
f 166/166 2212/2212 2248/2248
f 2248/2248 2249/2249 589/589
f 2212/2212 2249/2249 2248/2248
f 584/584 2250/2250 2232/2232
f 2250/2250 414/414 1645/1645
f 2232/2232 1645/1645 411/411
f 2250/2250 1645/1645 2232/2232
f 584/584 2251/2251 2250/2250
f 2250/2250 2252/2252 414/414
f 2251/2251 2252/2252 2250/2250
f 590/590 2253/2253 2252/2252
f 2253/2253 416/416 1649/1649
f 2252/2252 1649/1649 414/414
f 2253/2253 1649/1649 2252/2252
f 590/590 2254/2254 2253/2253
f 2254/2254 580/580 2221/2221
f 2253/2253 2221/2221 416/416
f 2254/2254 2221/2221 2253/2253
f 572/572 2255/2255 2199/2199
f 2255/2255 581/581 2224/2224
f 2199/2199 2224/2224 433/433
f 2255/2255 2224/2224 2199/2199
f 572/572 2217/2217 2255/2255
f 2217/2217 578/578 2256/2256
f 2255/2255 2256/2256 581/581
f 2217/2217 2256/2256 2255/2255
f 2257/2257 162/162 986/986
f 2220/2220 986/986 159/159
f 2257/2257 986/986 2220/2220
f 2257/2257 2259/2259 162/162
f 2258/2258 2259/2259 2257/2257
f 591/591 2260/2260 2259/2259
f 2260/2260 164/164 990/990
f 2259/2259 990/990 162/162
f 2260/2260 990/990 2259/2259
f 591/591 2261/2261 2260/2260
f 2261/2261 575/575 2210/2210
f 2260/2260 2210/2210 164/164
f 2261/2261 2210/2210 2260/2260
f 570/570 2262/2262 2185/2185
f 2262/2262 582/582 2227/2227
f 2185/2185 2227/2227 569/569
f 2262/2262 2227/2227 2185/2185
f 570/570 2236/2236 2262/2262
f 2236/2236 585/585 2263/2263
f 2262/2262 2263/2263 582/582
f 2236/2236 2263/2263 2262/2262
f 2225/2225 581/581 2285/2285
f 581/581 2256/2256 2285/2285
f 2256/2256 578/578 2286/2286
f 2256/2256 2286/2286 2285/2285
f 578/578 2287/2287 2286/2286
f 2287/2287 598/598 2288/2288
f 2286/2286 2288/2288 597/597
f 2287/2287 2288/2288 2286/2286
f 578/578 2218/2218 2287/2287
f 2218/2218 577/577 2289/2289
f 2287/2287 2289/2289 598/598
f 2218/2218 2289/2289 2287/2287
f 577/577 2290/2290 2289/2289
f 2290/2290 599/599 2291/2291
f 2289/2289 2291/2291 598/598
f 2290/2290 2291/2291 2289/2289
f 577/577 2292/2292 2290/2290
f 2292/2292 573/573 2293/2293
f 2290/2290 2293/2293 599/599
f 2292/2292 2293/2293 2290/2290
f 573/573 2228/2228 2293/2293
f 2228/2228 582/582 2294/2294
f 2293/2293 2294/2294 599/599
f 2228/2228 2294/2294 2293/2293
f 582/582 2295/2295 2294/2294
f 2295/2295 600/600 2296/2296
f 2294/2294 2296/2296 599/599
f 2295/2295 2296/2296 2294/2294
f 582/582 2263/2263 2295/2295
f 2263/2263 585/585 2297/2297
f 2295/2295 2297/2297 600/600
f 2263/2263 2297/2297 2295/2295
f 585/585 2238/2238 2297/2297
f 2238/2238 586/586 2298/2298
f 2297/2297 2298/2298 600/600
f 2238/2238 2298/2298 2297/2297
f 586/586 2299/2299 2298/2298
f 2298/2298 2300/2300 600/600
f 2299/2299 2300/2300 2298/2298
f 586/586 2241/2241 2299/2299
f 500/500 1901/1901 2040/2040
f 2040/2040 18/18 530/530
f 2040/2040 1901/1901 18/18
f 530/530 630/630 2033/2033
f 530/530 18/18 630/630
f 2033/2033 17/17 529/529
f 2033/2033 630/630 17/17
f 529/529 927/927 2107/2107
f 529/529 17/17 927/927
f 2107/2107 135/135 545/545
f 2107/2107 927/927 135/135
f 545/545 946/946 2110/2110
f 545/545 135/135 946/946
f 2110/2110 142/142 546/546
f 2110/2110 946/946 142/142
f 546/546 965/965 2113/2113
f 546/546 142/142 965/965
f 2113/2113 149/149 547/547
f 2113/2113 965/965 149/149
f 547/547 1997/1997 2116/2116
f 547/547 149/149 1997/1997
f 2116/2116 520/520 548/548
f 2116/2116 1997/1997 520/520
f 548/548 2001/2001 2121/2121
f 548/548 520/520 2001/2001
f 2121/2121 183/183 549/549
f 2121/2121 2001/2001 183/183
f 549/549 1039/1039 2124/2124
f 549/549 183/183 1039/1039
f 2124/2124 182/182 550/550
f 2124/2124 1039/1039 182/182
f 550/550 1061/1061 2132/2132
f 550/550 182/182 1061/1061
f 2132/2132 192/192 554/554
f 2132/2132 1061/1061 192/192
f 554/554 1096/1096 2138/2138
f 554/554 192/192 1096/1096
f 2138/2138 207/207 556/556
f 2138/2138 1096/1096 207/207
f 556/556 2011/2011 2144/2144
f 556/556 207/207 2011/2011
f 2144/2144 2011/2011 524/524
f 577/577 2215/2215 2292/2292
f 2292/2292 574/574 573/573
f 2292/2292 2215/2215 574/574
f 573/573 2207/2207 2202/2202
f 573/573 574/574 2207/2207
f 2202/2202 551/551 522/522
f 2202/2202 2207/2207 551/551
f 522/522 2128/2128 2005/2005
f 522/522 551/551 2128/2128
f 2005/2005 552/552 203/203
f 2005/2005 2128/2128 552/552
f 203/203 2136/2136 1084/1084
f 203/203 552/552 2136/2136
f 1084/1084 555/555 202/202
f 1084/1084 2136/2136 555/555
f 202/202 2142/2142 2007/2007
f 202/202 555/555 2142/2142
f 2007/2007 557/557 523/523
f 2007/2007 2142/2142 557/557
f 523/523 2147/2147 2013/2013
f 523/523 557/557 2147/2147
f 2013/2013 2147/2147 233/233
f 597/597 2306/2306 2305/2305
f 597/597 2284/2284 2306/2306
f 2284/2284 2307/2307 2306/2306
f 2284/2284 2308/2308 2307/2307
f 2284/2284 2309/2309 2308/2308
f 2284/2284 596/596 2309/2309
f 596/596 2310/2310 2309/2309
f 596/596 2311/2311 2310/2310
f 596/596 2278/2278 2311/2311
f 2278/2278 2312/2312 2311/2311
f 2278/2278 595/595 2312/2312
f 595/595 2313/2313 2312/2312
f 595/595 2275/2275 2313/2313
f 2275/2275 2314/2314 2313/2313
f 2275/2275 594/594 2314/2314
f 594/594 2315/2315 2314/2314
f 594/594 2316/2316 2315/2315
f 594/594 2271/2271 2316/2316
f 2271/2271 2317/2317 2316/2316
f 2271/2271 593/593 2317/2317
f 593/593 2318/2318 2317/2317
f 593/593 2268/2268 2318/2318
f 2268/2268 2319/2319 2318/2318
f 2268/2268 592/592 2319/2319
f 592/592 2320/2320 2319/2319
f 592/592 2321/2321 2320/2320
f 592/592 2304/2304 2321/2321
f 2304/2304 2322/2322 2321/2321
f 2304/2304 2323/2323 2322/2322
f 2304/2304 2324/2324 2323/2323
f 2304/2304 601/601 2324/2324
f 601/601 2325/2325 2324/2324
f 2305/2305 2306/2306 2327/2327
f 2305/2305 2327/2327 2326/2326
f 2306/2306 2307/2307 2327/2327
f 2307/2307 2328/2328 2327/2327
f 2307/2307 2308/2308 2329/2329
f 2307/2307 2329/2329 2328/2328
f 2308/2308 2309/2309 2329/2329
f 2309/2309 2330/2330 2329/2329
f 2309/2309 2310/2310 2331/2331
f 2309/2309 2331/2331 2330/2330
f 2310/2310 2311/2311 2331/2331
f 2311/2311 2332/2332 2331/2331
f 2311/2311 2312/2312 2333/2333
f 2311/2311 2333/2333 2332/2332
f 2312/2312 2313/2313 2333/2333
f 2313/2313 2334/2334 2333/2333
f 2313/2313 2314/2314 2335/2335
f 2313/2313 2335/2335 2334/2334
f 2314/2314 2315/2315 2335/2335
f 2315/2315 2336/2336 2335/2335
f 2315/2315 2316/2316 2337/2337
f 2315/2315 2337/2337 2336/2336
f 2316/2316 2317/2317 2337/2337
f 2317/2317 2338/2338 2337/2337
f 2317/2317 2318/2318 2339/2339
f 2317/2317 2339/2339 2338/2338
f 2318/2318 2319/2319 2339/2339
f 2319/2319 2340/2340 2339/2339
f 2319/2319 2320/2320 2341/2341
f 2319/2319 2341/2341 2340/2340
f 2320/2320 2321/2321 2341/2341
f 2321/2321 2342/2342 2341/2341
f 2321/2321 2322/2322 2343/2343
f 2321/2321 2343/2343 2342/2342
f 2322/2322 2323/2323 2343/2343
f 2323/2323 2344/2344 2343/2343
f 2323/2323 2324/2324 2345/2345
f 2323/2323 2345/2345 2344/2344
f 2324/2324 2325/2325 2345/2345
f 2325/2325 2346/2346 2345/2345
f 2326/2326 2327/2327 2347/2347
f 2327/2327 2348/2348 2347/2347
f 2327/2327 2328/2328 2349/2349
f 2327/2327 2349/2349 2348/2348
f 2328/2328 2329/2329 2349/2349
f 2329/2329 2350/2350 2349/2349
f 2329/2329 2330/2330 2351/2351
f 2329/2329 2351/2351 2350/2350
f 2330/2330 2331/2331 2351/2351
f 2331/2331 2352/2352 2351/2351
f 2331/2331 2332/2332 2353/2353
f 2331/2331 2353/2353 2352/2352
f 2332/2332 2333/2333 2353/2353
f 2333/2333 2354/2354 2353/2353
f 2333/2333 2334/2334 2355/2355
f 2333/2333 2355/2355 2354/2354
f 2334/2334 2335/2335 2355/2355
f 2335/2335 2356/2356 2355/2355
f 2335/2335 2336/2336 2357/2357
f 2335/2335 2357/2357 2356/2356
f 2336/2336 2337/2337 2357/2357
f 2337/2337 2358/2358 2357/2357
f 2337/2337 2338/2338 2359/2359
f 2337/2337 2359/2359 2358/2358
f 2338/2338 2339/2339 2359/2359
f 2339/2339 2360/2360 2359/2359
f 2339/2339 2340/2340 2361/2361
f 2339/2339 2361/2361 2360/2360
f 2340/2340 2341/2341 2361/2361
f 2341/2341 2362/2362 2361/2361
f 2341/2341 2342/2342 2363/2363
f 2341/2341 2363/2363 2362/2362
f 2342/2342 2343/2343 2363/2363
f 2343/2343 2364/2364 2363/2363
f 2343/2343 2344/2344 2365/2365
f 2343/2343 2365/2365 2364/2364
f 2344/2344 2345/2345 2365/2365
f 2345/2345 2366/2366 2365/2365
f 2345/2345 2346/2346 2367/2367
f 2345/2345 2367/2367 2366/2366
f 2347/2347 2348/2348 2369/2369
f 2347/2347 2369/2369 2368/2368
f 2348/2348 2349/2349 2369/2369
f 2349/2349 2370/2370 2369/2369
f 2349/2349 2350/2350 2371/2371
f 2349/2349 2371/2371 2370/2370
f 2350/2350 2351/2351 2371/2371
f 2351/2351 2372/2372 2371/2371
f 2351/2351 2352/2352 2373/2373
f 2351/2351 2373/2373 2372/2372
f 2352/2352 2353/2353 2373/2373
f 2353/2353 2374/2374 2373/2373
f 2353/2353 2354/2354 2375/2375
f 2353/2353 2375/2375 2374/2374
f 2354/2354 2355/2355 2375/2375
f 2355/2355 2376/2376 2375/2375
f 2355/2355 2356/2356 2377/2377
f 2355/2355 2377/2377 2376/2376
f 2356/2356 2357/2357 2377/2377
f 2357/2357 2378/2378 2377/2377
f 2357/2357 2358/2358 2379/2379
f 2357/2357 2379/2379 2378/2378
f 2358/2358 2359/2359 2379/2379
f 2359/2359 2380/2380 2379/2379
f 2359/2359 2360/2360 2381/2381
f 2359/2359 2381/2381 2380/2380
f 2360/2360 2361/2361 2381/2381
f 2361/2361 2382/2382 2381/2381
f 2361/2361 2362/2362 2383/2383
f 2361/2361 2383/2383 2382/2382
f 2362/2362 2363/2363 2383/2383
f 2363/2363 2384/2384 2383/2383
f 2363/2363 2364/2364 2385/2385
f 2363/2363 2385/2385 2384/2384
f 2364/2364 2365/2365 2385/2385
f 2365/2365 2386/2386 2385/2385
f 2365/2365 2366/2366 2387/2387
f 2365/2365 2387/2387 2386/2386
f 2366/2366 2367/2367 2387/2387
f 2367/2367 2388/2388 2387/2387
f 2285/2285 2368/2368 2369/2369
f 2285/2285 2369/2369 2225/2225
f 2225/2225 2369/2369 2223/2223
f 2369/2369 3/3 2223/2223
f 2369/2369 2370/2370 3/3
f 2370/2370 602/602 3/3
f 2370/2370 603/603 602/602
f 2370/2370 2371/2371 603/603
f 2371/2371 2/2 603/603
f 2371/2371 2234/2234 2/2
f 2371/2371 2372/2372 2234/2234
f 2372/2372 583/583 2234/2234
f 2372/2372 2231/2231 583/583
f 2372/2372 584/584 2231/2231
f 2372/2372 2373/2373 584/584
f 2373/2373 2251/2251 584/584
f 2251/2251 2373/2373 590/590
f 2251/2251 590/590 2252/2252
f 2373/2373 2374/2374 590/590
f 2374/2374 2254/2254 590/590
f 2374/2374 2375/2375 2254/2254
f 2375/2375 580/580 2254/2254
f 2375/2375 2376/2376 580/580
f 2376/2376 2221/2221 580/580
f 2376/2376 2222/2222 2221/2221
f 2376/2376 2377/2377 2222/2222
f 2222/2222 2377/2377 2220/2220
f 2222/2222 2220/2220 2219/2219
f 2377/2377 2257/2257 2220/2220
f 2377/2377 2258/2258 2257/2257
f 2377/2377 2378/2378 2258/2258
f 2258/2258 2378/2378 591/591
f 2258/2258 591/591 2259/2259
f 2378/2378 2379/2379 591/591
f 2379/2379 2261/2261 591/591
f 2379/2379 2380/2380 2261/2261
f 2380/2380 575/575 2261/2261
f 575/575 2380/2380 2381/2381
f 575/575 2211/2211 2209/2209
f 575/575 2381/2381 2211/2211
f 2381/2381 2382/2382 2211/2211
f 2382/2382 2212/2212 2211/2211
f 2382/2382 2249/2249 2212/2212
f 2382/2382 2383/2383 2249/2249
f 2383/2383 589/589 2249/2249
f 2383/2383 2384/2384 589/589
f 2384/2384 2246/2246 589/589
f 2384/2384 2247/2247 2246/2246
f 2384/2384 2385/2385 2247/2247
f 2385/2385 2245/2245 2247/2247
f 2385/2385 588/588 2245/2245
f 2385/2385 2243/2243 588/588
f 2385/2385 2386/2386 2243/2243
f 2386/2386 2244/2244 2243/2243
f 2386/2386 2242/2242 2244/2244
f 2386/2386 2387/2387 2242/2242
f 2387/2387 2240/2240 2242/2242
f 2387/2387 2239/2239 2240/2240
f 2387/2387 2388/2388 2299/2299
f 2387/2387 2299/2299 2239/2239
f 2239/2239 2299/2299 2241/2241
f 2286/2286 597/597 2305/2305
f 2286/2286 2305/2305 2326/2326
f 2286/2286 2326/2326 2347/2347
f 2286/2286 2347/2347 2368/2368
f 2286/2286 2368/2368 2285/2285
f 2300/2300 2325/2325 601/601
f 2300/2300 2346/2346 2325/2325
f 2300/2300 2367/2367 2346/2346
f 2300/2300 2388/2388 2367/2367
f 2300/2300 2299/2299 2388/2388
